,num_jobs,job_combinations,solve_time1_millis,setup_time1_millis,total_time1_millis,solve_time2_millis,setup_time2_millis,total_time2_millis
0,12,78,1.631869,0.433504,2.065373,0.0,0.0,0.0
1,11,66,1.0106220000000001,0.301815,1.312437,0.0,0.0,0.0
2,8,36,0.562804,0.150917,0.7137209999999999,0.0,0.0,0.0
3,7,28,0.431297,0.10914399999999999,0.540441,0.0,0.0,0.0
4,6,21,0.336182,0.08287499999999999,0.41905699999999996,0.0,0.0,0.0
5,5,15,0.231427,0.083302,0.314729,0.0,0.0,0.0
6,4,10,0.165792,0.055137,0.220929,0.0,0.0,0.0
7,3,6,0.10256,0.069689,0.17224899999999999,0.0,0.0,0.0
8,2,3,0.058836,0.052736,0.111572,0.0,0.0,0.0
9,1,1,0.023227,0.022612,0.045839000000000005,0.0,0.0,0.0
16,44,990,33.991583999999996,4.706456,38.69804,0.0,0.0,0.0
17,40,820,31.900744000000003,3.8732670000000002,35.774011,0.0,0.0,0.0
18,36,666,22.25767,3.0070409999999996,25.264711000000002,0.0,0.0,0.0
19,34,595,17.632160000000002,5.967073,23.599233,0.0,0.0,0.0
20,33,561,15.664902000000001,5.420077,21.084979,0.0,0.0,0.0
21,30,465,12.174750999999999,4.166321,16.341071999999997,0.0,0.0,0.0
22,29,435,10.347024,3.7048430000000003,14.051867,0.0,0.0,0.0
23,27,378,9.113797,3.008484,12.122281000000001,0.0,0.0,0.0
24,26,351,8.246582,2.515718,10.7623,0.0,0.0,0.0
25,25,325,7.539715,2.264743,9.804458,0.0,0.0,0.0
26,24,300,7.424148000000001,2.018162,9.44231,0.0,0.0,0.0
27,23,276,6.308013000000001,1.780307,8.088320000000001,0.0,0.0,0.0
28,22,253,5.379955,1.617825,6.99778,0.0,0.0,0.0
29,21,231,5.0034279999999995,1.4348889999999999,6.438317,0.0,0.0,0.0
30,19,190,4.056205,1.132204,5.188409,0.0,0.0,0.0
31,18,171,3.55601,1.025379,4.581389,0.0,0.0,0.0
32,17,153,3.16988,0.881714,4.051594,0.0,0.0,0.0
33,16,136,3.276077,0.781658,4.057735,0.0,0.0,0.0
34,15,120,2.3219209999999997,0.6798919999999999,3.0018129999999994,0.0,0.0,0.0
35,14,105,2.072427,0.556035,2.628462,0.0,0.0,0.0
36,13,91,1.6135380000000001,0.470814,2.084352,0.0,0.0,0.0
37,12,78,1.447225,0.397948,1.845173,0.0,0.0,0.0
38,11,66,1.155305,0.353692,1.508997,0.0,0.0,0.0
39,10,55,1.007167,0.30050699999999997,1.307674,0.0,0.0,0.0
40,9,45,0.8288030000000001,0.233533,1.0623360000000002,0.0,0.0,0.0
41,8,36,0.6230129999999999,0.191482,0.814495,0.0,0.0,0.0
42,7,28,0.49458599999999997,0.15584299999999998,0.6504289999999999,0.0,0.0,0.0
43,6,21,0.36998400000000004,0.12459600000000001,0.49458,0.0,0.0,0.0
44,5,15,0.28568899999999997,0.106097,0.39178599999999997,0.0,0.0,0.0
45,4,10,0.164825,0.07813999999999999,0.242965,0.0,0.0,0.0
46,3,6,0.088347,0.051603,0.13995,0.0,0.0,0.0
47,2,3,0.052849999999999994,0.032002,0.084852,0.0,0.0,0.0
48,1,1,0.032373000000000006,0.020101,0.05247400000000001,0.0,0.0,0.0
49,23,276,7.951474999999999,1.7516289999999999,9.703104,0.0,0.0,0.0
50,22,253,4.891766,1.526839,6.4186049999999994,0.0,0.0,0.0
51,19,190,5.1800559999999995,1.0251970000000001,6.205253,0.0,0.0,0.0
52,17,153,2.952179,0.778475,3.7306540000000004,0.0,0.0,0.0
53,16,136,3.516258,0.715111,4.231369,0.0,0.0,0.0
54,15,120,2.426361,0.6019009999999999,3.028262,0.0,0.0,0.0
55,14,105,2.416802,0.50218,2.918982,0.0,0.0,0.0
56,13,91,1.0411890000000001,0.436392,1.4775810000000003,0.0,0.0,0.0
57,12,78,1.449708,0.37289,1.822598,0.0,0.0,0.0
58,11,66,1.2250519999999998,0.326761,1.5518129999999999,0.0,0.0,0.0
59,10,55,0.825001,0.24428,1.069281,0.0,0.0,0.0
60,9,45,0.726844,0.200323,0.9271670000000001,0.0,0.0,0.0
61,8,36,0.640826,0.184754,0.82558,0.0,0.0,0.0
62,7,28,0.44932700000000003,0.126711,0.576038,0.0,0.0,0.0
63,6,21,0.34686100000000003,0.09560500000000001,0.442466,0.0,0.0,0.0
64,5,15,0.23230599999999998,0.087417,0.319723,0.0,0.0,0.0
65,4,10,0.174962,0.06900200000000001,0.24396400000000001,0.0,0.0,0.0
66,3,6,0.09715199999999999,0.051655,0.148807,0.0,0.0,0.0
67,2,3,0.053182,0.02753,0.080712,0.0,0.0,0.0
68,1,1,0.028078000000000002,0.01794,0.046018,0.0,0.0,0.0
70,44,990,41.417922000000004,5.5173239999999995,46.93524600000001,0.0,0.0,0.0
71,38,741,19.494761999999998,3.916609,23.411371,0.0,0.0,0.0
72,35,630,28.201357,4.628852,32.830209,0.0,0.0,0.0
73,32,528,21.805996,8.04297,29.848966,0.0,0.0,0.0
74,30,465,12.333302000000002,4.004454999999999,16.337757,0.0,0.0,0.0
75,29,435,13.76537,3.6475750000000002,17.412945,0.0,0.0,0.0
76,26,351,13.909143,2.696158,16.605301,0.0,0.0,0.0
77,25,325,8.121371,2.395785,10.517156,0.0,0.0,0.0
78,23,276,4.180719,1.972424,6.153143,0.0,0.0,0.0
79,22,253,5.821723,1.7498520000000002,7.571575000000001,0.0,0.0,0.0
80,21,231,4.8461490000000005,2.3226929999999997,7.168842,0.0,0.0,0.0
81,20,210,4.866611,1.349301,6.215911999999999,0.0,0.0,0.0
82,19,190,4.335063,1.1129499999999999,5.4480129999999996,0.0,0.0,0.0
83,18,171,4.537155,0.9850849999999999,5.52224,0.0,0.0,0.0
84,17,153,3.075652,0.857406,3.933058,0.0,0.0,0.0
85,16,136,2.824172,0.7330709999999999,3.5572429999999997,0.0,0.0,0.0
86,15,120,2.3990370000000003,0.637738,3.0367750000000004,0.0,0.0,0.0
87,14,105,2.135162,0.5335,2.668662,0.0,0.0,0.0
88,13,91,1.745192,0.458702,2.203894,0.0,0.0,0.0
89,12,78,1.525617,0.404866,1.930483,0.0,0.0,0.0
90,11,66,1.306458,0.331866,1.638324,0.0,0.0,0.0
91,10,55,1.014736,0.30883499999999997,1.323571,0.0,0.0,0.0
92,9,45,0.7440800000000001,0.24950299999999997,0.9935830000000001,0.0,0.0,0.0
93,8,36,0.622905,0.20189900000000002,0.8248040000000001,0.0,0.0,0.0
94,7,28,0.500803,0.15618100000000001,0.656984,0.0,0.0,0.0
95,6,21,0.339974,0.115334,0.455308,0.0,0.0,0.0
96,5,15,0.27798100000000003,0.101327,0.37930800000000003,0.0,0.0,0.0
97,4,10,0.16301400000000002,0.0618,0.224814,0.0,0.0,0.0
98,3,6,0.098845,0.051998,0.150843,0.0,0.0,0.0
99,2,3,0.056638999999999995,0.031913,0.08855199999999999,0.0,0.0,0.0
100,1,1,0.033391,0.021895,0.055286,0.0,0.0,0.0
101,1,1,0.047923999999999994,0.045397,0.09332099999999999,0.0,0.0,0.0
114,44,990,30.776020000000003,4.143699,34.919719,0.0,0.0,0.0
115,42,903,25.140391,3.816018,28.956409,0.0,0.0,0.0
116,41,861,26.173368999999997,4.011342,30.184710999999997,0.0,0.0,0.0
117,40,820,23.579749,3.44152,27.021269,0.0,0.0,0.0
118,38,741,21.455326,2.998583,24.453909,0.0,0.0,0.0
119,37,703,19.72813,2.809858,22.537988,0.0,0.0,0.0
120,35,630,15.805776,2.43677,18.242546,0.0,0.0,0.0
121,34,595,14.763528999999998,5.0746970000000005,19.838226,0.0,0.0,0.0
122,32,528,12.077095,4.252362,16.329456999999998,0.0,0.0,0.0
123,31,496,10.434806,3.9131920000000004,14.347998,0.0,0.0,0.0
124,30,465,9.176844,3.381237,12.558081,0.0,0.0,0.0
125,28,406,7.950698000000001,2.697607,10.648305,0.0,0.0,0.0
126,27,378,7.372291,2.471899,9.84419,0.0,0.0,0.0
127,26,351,6.897407,2.3234380000000003,9.220845,0.0,0.0,0.0
128,25,325,6.279208,1.8279509999999999,8.107159,0.0,0.0,0.0
129,24,300,6.026625,1.677511,7.704136,0.0,0.0,0.0
130,23,276,5.221823,1.499474,6.721297,0.0,0.0,0.0
131,22,253,4.551838,1.346973,5.898811,0.0,0.0,0.0
132,21,231,4.170135999999999,1.175209,5.345344999999999,0.0,0.0,0.0
133,20,210,4.009803,1.1285939999999999,5.138396999999999,0.0,0.0,0.0
134,19,190,3.303662,0.870718,4.17438,0.0,0.0,0.0
135,18,171,3.031714,0.7717489999999999,3.803463,0.0,0.0,0.0
136,17,153,2.7489049999999997,0.666612,3.4155169999999995,0.0,0.0,0.0
137,16,136,2.522884,0.592235,3.115119,0.0,0.0,0.0
138,15,120,2.119428,0.503276,2.622704,0.0,0.0,0.0
139,14,105,1.6888210000000001,0.430874,2.119695,0.0,0.0,0.0
140,13,91,1.4630940000000001,0.373357,1.836451,0.0,0.0,0.0
141,12,78,1.210728,0.317536,1.528264,0.0,0.0,0.0
142,11,66,1.052431,0.29045299999999996,1.3428839999999997,0.0,0.0,0.0
143,10,55,0.77201,0.216878,0.988888,0.0,0.0,0.0
144,9,45,0.618092,0.169351,0.787443,0.0,0.0,0.0
145,8,36,0.495187,0.154195,0.649382,0.0,0.0,0.0
146,7,28,0.306616,0.111829,0.418445,0.0,0.0,0.0
147,6,21,0.26305700000000004,0.093354,0.35641100000000003,0.0,0.0,0.0
148,5,15,0.175321,0.07637899999999999,0.2517,0.0,0.0,0.0
149,4,10,0.12534800000000001,0.061461,0.186809,0.0,0.0,0.0
150,3,6,0.082224,0.044990999999999996,0.127215,0.0,0.0,0.0
151,2,3,0.038739,0.021913,0.060652,0.0,0.0,0.0
152,1,1,0.028444999999999998,0.018293,0.046738,0.0,0.0,0.0
156,44,990,35.16692200000001,4.80865,39.97557200000001,0.0,0.0,0.0
157,41,861,28.037361,4.146732,32.184093000000004,0.0,0.0,0.0
158,39,780,26.686172000000003,3.623803,30.309975,0.0,0.0,0.0
159,38,741,26.019305,3.420115,29.43942,0.0,0.0,0.0
160,36,666,21.033949,3.0443219999999998,24.078271,0.0,0.0,0.0
161,32,528,14.730216,4.937545,19.667761,0.0,0.0,0.0
162,31,496,21.713367,4.473403,26.186770000000003,0.0,0.0,0.0
163,29,435,7.111889,3.73847,10.850359,0.0,0.0,0.0
164,28,406,13.953954,5.4152640000000005,19.369218,0.0,0.0,0.0
165,27,378,13.407086,6.20838,19.615465999999998,0.0,0.0,0.0
166,26,351,8.770174,2.786047,11.556221,0.0,0.0,0.0
167,25,325,8.204121,2.28659,10.490711000000001,0.0,0.0,0.0
168,24,300,6.985899,2.086077,9.071976,0.0,0.0,0.0
169,23,276,6.345799,1.869899,8.215698,0.0,0.0,0.0
170,22,253,5.824599,1.634845,7.459444,0.0,0.0,0.0
171,20,210,4.433987999999999,1.324352,5.75834,0.0,0.0,0.0
172,19,190,4.021804,1.142198,5.164002,0.0,0.0,0.0
173,18,171,3.596224,0.982281,4.578505,0.0,0.0,0.0
174,17,153,3.2325359999999996,0.889889,4.122425,0.0,0.0,0.0
175,16,136,2.848807,0.771633,3.62044,0.0,0.0,0.0
176,15,120,2.3453850000000003,0.659111,3.0044960000000005,0.0,0.0,0.0
177,14,105,2.071398,0.564004,2.635402,0.0,0.0,0.0
178,13,91,1.7921829999999999,0.49063799999999996,2.2828209999999998,0.0,0.0,0.0
179,12,78,1.33971,0.432975,1.772685,0.0,0.0,0.0
180,11,66,1.284322,0.347211,1.631533,0.0,0.0,0.0
181,10,55,0.980926,0.311448,1.292374,0.0,0.0,0.0
182,9,45,0.7962629999999999,0.22356700000000002,1.01983,0.0,0.0,0.0
183,8,36,0.608523,0.207912,0.816435,0.0,0.0,0.0
184,7,28,0.500162,0.155833,0.655995,0.0,0.0,0.0
185,6,21,0.383927,0.14315,0.527077,0.0,0.0,0.0
186,5,15,0.290686,0.095887,0.386573,0.0,0.0,0.0
187,4,10,0.166682,0.095596,0.262278,0.0,0.0,0.0
188,3,6,0.092534,0.063011,0.155545,0.0,0.0,0.0
189,2,3,0.059623999999999996,0.03367,0.09329399999999999,0.0,0.0,0.0
190,1,1,0.029152,0.017892,0.047044,0.0,0.0,0.0
204,42,903,30.079298,4.167505,34.246803,0.0,0.0,0.0
205,40,820,23.879099,3.289004,27.168103,0.0,0.0,0.0
206,39,780,26.406747000000003,3.1731860000000003,29.579933000000004,0.0,0.0,0.0
207,38,741,20.734085,2.9598419999999996,23.693927,0.0,0.0,0.0
208,36,666,18.661081,2.533943,21.195024,0.0,0.0,0.0
209,35,630,18.162101,2.357993,20.520094,0.0,0.0,0.0
210,34,595,14.927598999999999,5.080147,20.007745999999997,0.0,0.0,0.0
211,32,528,12.253061,4.235229,16.48829,0.0,0.0,0.0
212,31,496,11.742482,4.015007,15.757489,0.0,0.0,0.0
213,30,465,9.956125,3.3906650000000003,13.34679,0.0,0.0,0.0
214,29,435,9.905297000000001,3.2260280000000003,13.131325,0.0,0.0,0.0
215,28,406,8.688114,2.829268,11.517382000000001,0.0,0.0,0.0
216,25,325,6.389564,2.075607,8.465171,0.0,0.0,0.0
217,24,300,6.104292,1.86325,7.967542,0.0,0.0,0.0
218,23,276,5.998647999999999,1.7668519999999999,7.765499999999999,0.0,0.0,0.0
219,22,253,4.830858,1.46202,6.292878,0.0,0.0,0.0
220,21,231,4.3014280000000005,1.257523,5.558951,0.0,0.0,0.0
221,20,210,3.8481549999999998,1.131251,4.979406,0.0,0.0,0.0
222,19,190,3.49075,0.9617509999999999,4.452501,0.0,0.0,0.0
223,17,153,2.912792,0.734806,3.647598,0.0,0.0,0.0
224,16,136,2.790152,0.643008,3.43316,0.0,0.0,0.0
225,15,120,2.4065760000000003,0.6010949999999999,3.007671,0.0,0.0,0.0
226,14,105,1.9403190000000001,0.484151,2.4244700000000003,0.0,0.0,0.0
227,13,91,1.5777619999999999,0.403313,1.981075,0.0,0.0,0.0
228,12,78,1.368807,0.376816,1.7456230000000001,0.0,0.0,0.0
229,11,66,1.103394,0.29181,1.395204,0.0,0.0,0.0
230,10,55,0.906492,0.252281,1.158773,0.0,0.0,0.0
231,9,45,0.707218,0.218944,0.926162,0.0,0.0,0.0
232,8,36,0.5401779999999999,0.16524899999999998,0.7054269999999999,0.0,0.0,0.0
233,7,28,0.33016799999999996,0.140865,0.4710329999999999,0.0,0.0,0.0
234,6,21,0.28332599999999997,0.110788,0.39411399999999996,0.0,0.0,0.0
235,5,15,0.187915,0.084545,0.27246,0.0,0.0,0.0
236,4,10,0.125683,0.067981,0.193664,0.0,0.0,0.0
237,3,6,0.077819,0.054107,0.131926,0.0,0.0,0.0
238,2,3,0.043462,0.03791,0.081372,0.0,0.0,0.0
239,1,1,0.02799,0.017321,0.045311000000000004,0.0,0.0,0.0
248,43,946,36.397009000000004,4.284485,40.681494,0.0,0.0,0.0
249,40,820,36.610097,3.5637,40.173797,0.0,0.0,0.0
250,38,741,42.745159,3.131609,45.876768,0.0,0.0,0.0
251,37,703,24.136707,2.96962,27.106327,0.0,0.0,0.0
252,36,666,20.418014000000003,2.904321,23.322335000000002,0.0,0.0,0.0
253,34,595,16.085747,5.648066,21.733813,0.0,0.0,0.0
254,33,561,14.48296,5.035668,19.518628,0.0,0.0,0.0
255,32,528,12.855889000000001,4.282011,17.137900000000002,0.0,0.0,0.0
256,31,496,11.206144,3.889922,15.096066,0.0,0.0,0.0
257,30,465,11.555079,3.6295070000000003,15.184586,0.0,0.0,0.0
258,29,435,10.28904,3.290461,13.579501,0.0,0.0,0.0
259,26,351,7.871614000000001,2.4078250000000003,10.279439000000002,0.0,0.0,0.0
260,25,325,7.451948,2.120714,9.572662,0.0,0.0,0.0
261,24,300,6.58219,1.8909610000000001,8.473151,0.0,0.0,0.0
262,23,276,5.7836099999999995,1.761439,7.545049,0.0,0.0,0.0
263,21,231,4.455883,1.329653,5.7855360000000005,0.0,0.0,0.0
264,20,210,4.397456,1.207981,5.605437,0.0,0.0,0.0
265,19,190,3.8310649999999997,1.046949,4.878013999999999,0.0,0.0,0.0
266,18,171,3.2952120000000003,0.9220889999999999,4.217301,0.0,0.0,0.0
267,17,153,2.986318,0.804131,3.7904489999999997,0.0,0.0,0.0
268,16,136,2.574532,0.694824,3.269356,0.0,0.0,0.0
269,15,120,2.180908,0.591518,2.7724260000000003,0.0,0.0,0.0
270,14,105,1.891794,0.514933,2.406727,0.0,0.0,0.0
271,13,91,1.6751209999999999,0.469746,2.1448669999999996,0.0,0.0,0.0
272,12,78,1.289003,0.397237,1.68624,0.0,0.0,0.0
273,11,66,1.074944,0.32218399999999997,1.397128,0.0,0.0,0.0
274,10,55,0.893483,0.256452,1.1499350000000002,0.0,0.0,0.0
275,9,45,0.691704,0.211241,0.902945,0.0,0.0,0.0
276,8,36,0.529547,0.166824,0.696371,0.0,0.0,0.0
277,7,28,0.447384,0.14166,0.589044,0.0,0.0,0.0
278,6,21,0.34268,0.12046599999999999,0.46314599999999995,0.0,0.0,0.0
279,5,15,0.22037700000000002,0.092891,0.313268,0.0,0.0,0.0
280,4,10,0.149749,0.07085,0.220599,0.0,0.0,0.0
281,3,6,0.092049,0.053263000000000005,0.145312,0.0,0.0,0.0
282,2,3,0.048083,0.029198,0.077281,0.0,0.0,0.0
283,1,1,0.025528,0.015826,0.041354,0.0,0.0,0.0
284,34,595,23.936221,6.822029000000001,30.75825,0.0,0.0,0.0
285,33,561,24.568445,6.4155050000000005,30.98395,0.0,0.0,0.0
286,30,465,11.271188,3.897418,15.168606,0.0,0.0,0.0
287,27,378,8.792079,2.690845,11.482923999999999,0.0,0.0,0.0
288,24,300,6.67457,1.930503,8.605073,0.0,0.0,0.0
289,23,276,7.667397,1.7955160000000001,9.462913,0.0,0.0,0.0
290,22,253,6.412540000000001,1.6181889999999999,8.030729000000001,0.0,0.0,0.0
291,21,231,7.356237,1.567622,8.923859,0.0,0.0,0.0
292,18,171,3.416432,1.049408,4.46584,0.0,0.0,0.0
293,17,153,1.928289,0.901346,2.8296349999999997,0.0,0.0,0.0
294,16,136,2.909668,0.7804329999999999,3.690101,0.0,0.0,0.0
295,15,120,2.443387,0.645884,3.089271,0.0,0.0,0.0
296,14,105,2.051264,0.552256,2.60352,0.0,0.0,0.0
297,13,91,1.9120190000000001,0.469373,2.381392,0.0,0.0,0.0
298,12,78,1.390871,0.393782,1.784653,0.0,0.0,0.0
299,11,66,1.245875,0.344303,1.590178,0.0,0.0,0.0
300,10,55,0.9783089999999999,0.309276,1.287585,0.0,0.0,0.0
301,9,45,0.8037479999999999,0.252725,1.056473,0.0,0.0,0.0
302,8,36,0.6879949999999999,0.205741,0.8937359999999999,0.0,0.0,0.0
303,7,28,0.506601,0.16206700000000002,0.668668,0.0,0.0,0.0
304,6,21,0.366607,0.13113,0.497737,0.0,0.0,0.0
305,5,15,0.261386,0.10896399999999999,0.37035,0.0,0.0,0.0
306,4,10,0.167009,0.066544,0.233553,0.0,0.0,0.0
307,3,6,0.093944,0.051365,0.145309,0.0,0.0,0.0
308,2,3,0.053825,0.032671,0.08649599999999999,0.0,0.0,0.0
309,1,1,0.041522,0.020594,0.062116000000000005,0.0,0.0,0.0
310,12,78,1.668332,0.434311,2.102643,0.0,0.0,0.0
311,11,66,1.291697,0.34197099999999997,1.6336680000000001,0.0,0.0,0.0
312,10,55,1.0754650000000001,0.269418,1.344883,0.0,0.0,0.0
313,8,36,0.637113,0.20495,0.842063,0.0,0.0,0.0
314,7,28,0.553139,0.15540199999999998,0.7085410000000001,0.0,0.0,0.0
315,6,21,0.380237,0.120808,0.501045,0.0,0.0,0.0
316,5,15,0.29083400000000004,0.12468399999999999,0.41551800000000005,0.0,0.0,0.0
317,4,10,0.14766700000000002,0.065699,0.213366,0.0,0.0,0.0
318,3,6,0.102664,0.058857,0.161521,0.0,0.0,0.0
319,2,3,0.05462,0.035088,0.08970800000000001,0.0,0.0,0.0
320,1,1,0.033807,0.02166,0.055466999999999995,0.0,0.0,0.0
327,42,903,32.829682,4.388863,37.218545,0.0,0.0,0.0
328,40,820,29.86189,3.87587,33.73776,0.0,0.0,0.0
329,39,780,40.098174,5.552528000000001,45.650702,0.0,0.0,0.0
330,37,703,34.627024,6.212618,40.839642,0.0,0.0,0.0
331,34,595,17.998051,5.887341,23.885392,0.0,0.0,0.0
332,33,561,23.058215,8.884335,31.94255,0.0,0.0,0.0
333,32,528,22.988650999999997,7.915500000000001,30.904151,0.0,0.0,0.0
334,30,465,12.400921,4.0720670000000005,16.472988,0.0,0.0,0.0
335,29,435,11.845368,3.7083009999999996,15.553669,0.0,0.0,0.0
336,27,378,9.422059,3.004565,12.426624,0.0,0.0,0.0
337,26,351,8.784944,2.7500720000000003,11.535015999999999,0.0,0.0,0.0
338,24,300,6.832485,2.24647,9.078955,0.0,0.0,0.0
339,23,276,6.6779079999999995,1.9757630000000002,8.653671,0.0,0.0,0.0
340,22,253,5.681107,1.748166,7.429273,0.0,0.0,0.0
341,21,231,5.04645,1.5538399999999999,6.60029,0.0,0.0,0.0
342,20,210,4.418195,1.363601,5.781796,0.0,0.0,0.0
343,19,190,4.120393,1.210396,5.330789,0.0,0.0,0.0
344,18,171,3.583868,1.086282,4.67015,0.0,0.0,0.0
345,17,153,3.470663,0.943885,4.414548,0.0,0.0,0.0
346,16,136,3.077185,0.781041,3.858226,0.0,0.0,0.0
347,15,120,2.5961399999999997,0.679041,3.275181,0.0,0.0,0.0
348,14,105,2.256265,0.529911,2.786176,0.0,0.0,0.0
349,13,91,1.670207,0.44813200000000003,2.118339,0.0,0.0,0.0
350,12,78,1.544314,0.389131,1.9334449999999999,0.0,0.0,0.0
351,11,66,1.314518,0.33045399999999997,1.644972,0.0,0.0,0.0
352,10,55,1.001564,0.27601699999999996,1.2775809999999999,0.0,0.0,0.0
353,9,45,0.846395,0.249665,1.09606,0.0,0.0,0.0
354,8,36,0.6593950000000001,0.182168,0.8415630000000001,0.0,0.0,0.0
355,7,28,0.486836,0.151365,0.638201,0.0,0.0,0.0
356,6,21,0.337197,0.124471,0.461668,0.0,0.0,0.0
357,5,15,0.237214,0.09579,0.333004,0.0,0.0,0.0
358,4,10,0.18574800000000002,0.071325,0.257073,0.0,0.0,0.0
359,3,6,0.099844,0.04957,0.149414,0.0,0.0,0.0
360,2,3,0.060889,0.034817999999999995,0.09570699999999999,0.0,0.0,0.0
361,1,1,0.033668,0.019812,0.05348,0.0,0.0,0.0
362,23,276,9.285029,3.0647729999999997,12.349802,0.0,0.0,0.0
363,22,253,8.279144,2.576366,10.85551,0.0,0.0,0.0
364,21,231,7.68714,2.3019070000000004,9.989047000000001,0.0,0.0,0.0
365,19,190,5.388047,1.170325,6.558372,0.0,0.0,0.0
366,17,153,3.5410049999999997,0.918679,4.459683999999999,0.0,0.0,0.0
367,16,136,2.94561,0.771051,3.7166609999999998,0.0,0.0,0.0
368,13,91,1.702236,0.500103,2.2023390000000003,0.0,0.0,0.0
369,12,78,1.630596,0.42893899999999996,2.059535,0.0,0.0,0.0
370,10,55,1.0093649999999998,0.30512900000000004,1.3144939999999998,0.0,0.0,0.0
371,9,45,0.70007,0.251086,0.9511559999999999,0.0,0.0,0.0
372,8,36,0.565809,0.197497,0.763306,0.0,0.0,0.0
373,7,28,0.436116,0.123091,0.559207,0.0,0.0,0.0
374,6,21,0.322642,0.101684,0.424326,0.0,0.0,0.0
375,5,15,0.23674399999999998,0.07959000000000001,0.316334,0.0,0.0,0.0
376,4,10,0.162613,0.061344,0.22395700000000002,0.0,0.0,0.0
377,3,6,0.09754099999999999,0.050137,0.14767799999999998,0.0,0.0,0.0
378,2,3,0.059265000000000005,0.03183,0.09109500000000001,0.0,0.0,0.0
379,1,1,0.030545,0.017558999999999998,0.048103999999999994,0.0,0.0,0.0
381,44,990,32.907243,5.584217,38.491460000000004,0.0,0.0,0.0
382,40,820,26.817572000000002,4.5636019999999995,31.381174,0.0,0.0,0.0
383,36,666,21.566346,3.3905060000000002,24.956851999999998,0.0,0.0,0.0
384,34,595,17.284648,5.802891,23.087539,0.0,0.0,0.0
385,30,465,12.546381,4.085377,16.631758,0.0,0.0,0.0
386,27,378,10.047478,3.029268,13.076746,0.0,0.0,0.0
387,26,351,10.192126,2.7575299999999996,12.949656,0.0,0.0,0.0
388,24,300,6.8845,2.1734050000000003,9.057905,0.0,0.0,0.0
389,23,276,6.322787,1.9417550000000001,8.264542,0.0,0.0,0.0
390,21,231,4.989432,1.545822,6.535254,0.0,0.0,0.0
391,20,210,4.446564,1.3806440000000002,5.827208000000001,0.0,0.0,0.0
392,19,190,4.071396,1.2250130000000001,5.296409000000001,0.0,0.0,0.0
393,18,171,5.796136000000001,1.492485,7.288621000000001,0.0,0.0,0.0
394,17,153,3.405085,0.9202,4.325285,0.0,0.0,0.0
395,16,136,2.854723,0.7482489999999999,3.602972,0.0,0.0,0.0
396,15,120,3.312497,0.951115,4.263612,0.0,0.0,0.0
397,14,105,2.062291,0.570053,2.6323440000000002,0.0,0.0,0.0
398,13,91,1.7435,0.47957099999999997,2.223071,0.0,0.0,0.0
399,12,78,1.408088,0.400223,1.808311,0.0,0.0,0.0
400,11,66,1.29741,0.32984600000000003,1.627256,0.0,0.0,0.0
401,10,55,0.973274,0.274945,1.248219,0.0,0.0,0.0
402,9,45,0.830487,0.245603,1.07609,0.0,0.0,0.0
403,8,36,0.599998,0.20846800000000001,0.808466,0.0,0.0,0.0
404,7,28,0.474009,0.15063100000000001,0.6246400000000001,0.0,0.0,0.0
405,6,21,0.393731,0.121588,0.515319,0.0,0.0,0.0
406,5,15,0.27709399999999995,0.104771,0.38186499999999995,0.0,0.0,0.0
407,4,10,0.16330699999999998,0.065474,0.22878099999999998,0.0,0.0,0.0
408,3,6,0.09852,0.052336999999999995,0.150857,0.0,0.0,0.0
409,2,3,0.059898,0.032018,0.091916,0.0,0.0,0.0
410,1,1,0.028017999999999998,0.018227999999999998,0.046245999999999995,0.0,0.0,0.0
411,1,1,0.049864000000000006,0.056927,0.106791,0.0,0.0,0.0
425,41,861,24.949059,3.521584,28.470643,0.0,0.0,0.0
426,39,780,22.633929000000002,3.46513,26.099059,0.0,0.0,0.0
427,38,741,21.364537,2.9789679999999996,24.343504999999997,0.0,0.0,0.0
428,37,703,19.738263,2.816484,22.554747,0.0,0.0,0.0
429,36,666,19.630082,2.665455,22.295537000000003,0.0,0.0,0.0
430,35,630,16.678384,2.361725,19.040109,0.0,0.0,0.0
431,34,595,14.260177,4.774485,19.034662,0.0,0.0,0.0
432,33,561,13.795361000000002,4.384733,18.180094,0.0,0.0,0.0
433,32,528,12.351588,4.0291060000000005,16.380694,0.0,0.0,0.0
434,31,496,11.499429000000001,3.666702,15.166131,0.0,0.0,0.0
435,28,406,9.835267,2.748168,12.583435,0.0,0.0,0.0
436,27,378,10.05283,3.066378,13.119208,0.0,0.0,0.0
437,26,351,7.602422,2.26237,9.864792,0.0,0.0,0.0
438,25,325,7.905374999999999,2.0433339999999998,9.948709,0.0,0.0,0.0
439,24,300,6.73592,1.781176,8.517096,0.0,0.0,0.0
440,23,276,5.183516,1.556628,6.740144,0.0,0.0,0.0
441,22,253,4.719116,1.435232,6.154348,0.0,0.0,0.0
442,21,231,4.2288559999999995,1.226003,5.454858999999999,0.0,0.0,0.0
443,20,210,3.8785920000000003,1.0749710000000001,4.953563000000001,0.0,0.0,0.0
444,19,190,3.60425,0.999445,4.603695,0.0,0.0,0.0
445,18,171,3.167961,0.8469960000000001,4.014957,0.0,0.0,0.0
446,17,153,2.86668,0.737738,3.604418,0.0,0.0,0.0
447,16,136,2.367471,0.659869,3.02734,0.0,0.0,0.0
448,15,120,2.207257,0.5721940000000001,2.779451,0.0,0.0,0.0
449,14,105,1.893429,0.462803,2.356232,0.0,0.0,0.0
450,13,91,1.641154,0.459077,2.100231,0.0,0.0,0.0
451,12,78,1.284156,0.35532800000000003,1.6394840000000002,0.0,0.0,0.0
452,11,66,1.0881580000000002,0.291976,1.3801340000000002,0.0,0.0,0.0
453,10,55,0.8629589999999999,0.270549,1.133508,0.0,0.0,0.0
454,9,45,0.683736,0.221114,0.90485,0.0,0.0,0.0
455,8,36,0.485726,0.16549699999999998,0.651223,0.0,0.0,0.0
456,7,28,0.394944,0.12399500000000001,0.518939,0.0,0.0,0.0
457,6,21,0.309832,0.13292600000000002,0.442758,0.0,0.0,0.0
458,5,15,0.228631,0.098264,0.326895,0.0,0.0,0.0
459,4,10,0.129564,0.055291,0.18485500000000002,0.0,0.0,0.0
460,3,6,0.08480399999999999,0.034477,0.119281,0.0,0.0,0.0
461,2,3,0.049899,0.031704,0.08160300000000001,0.0,0.0,0.0
462,1,1,0.025563,0.016042999999999998,0.041606,0.0,0.0,0.0
466,43,946,35.010478,4.8239909999999995,39.834469,0.0,0.0,0.0
467,40,820,29.426027,3.836796,33.262823000000004,0.0,0.0,0.0
468,37,703,23.015773,3.21322,26.228993,0.0,0.0,0.0
469,36,666,21.263086,3.1263490000000003,24.389435000000002,0.0,0.0,0.0
470,34,595,17.592878,5.9279839999999995,23.520861999999997,0.0,0.0,0.0
471,33,561,16.520691,5.353688,21.874378999999998,0.0,0.0,0.0
472,30,465,13.602101,4.0978129999999995,17.699914,0.0,0.0,0.0
473,29,435,11.98455,3.665778,15.650328,0.0,0.0,0.0
474,28,406,11.096313,3.349346,14.445659000000001,0.0,0.0,0.0
475,26,351,8.939188000000001,2.744411,11.683599000000001,0.0,0.0,0.0
476,25,325,8.143686,2.505864,10.649550000000001,0.0,0.0,0.0
477,24,300,7.979343999999999,2.207982,10.187325999999999,0.0,0.0,0.0
478,23,276,7.05843,1.9793580000000002,9.037788,0.0,0.0,0.0
479,21,231,5.34326,1.568031,6.911291,0.0,0.0,0.0
480,20,210,4.9995389999999995,1.364056,6.363594999999999,0.0,0.0,0.0
481,19,190,4.314255999999999,1.210242,5.5244979999999995,0.0,0.0,0.0
482,18,171,3.854813,1.053771,4.908584,0.0,0.0,0.0
483,17,153,3.439518,0.9063749999999999,4.345893,0.0,0.0,0.0
484,14,105,2.182694,0.611163,2.793857,0.0,0.0,0.0
485,13,91,2.073452,0.508872,2.582324,0.0,0.0,0.0
486,12,78,1.590441,0.43897400000000003,2.029415,0.0,0.0,0.0
487,11,66,1.348084,0.32041600000000003,1.6685,0.0,0.0,0.0
488,10,55,1.125569,0.26571,1.391279,0.0,0.0,0.0
489,9,45,0.93892,0.24711999999999998,1.18604,0.0,0.0,0.0
490,8,36,0.7062820000000001,0.19498900000000002,0.9012710000000002,0.0,0.0,0.0
491,7,28,0.323208,0.15971,0.48291799999999996,0.0,0.0,0.0
492,6,21,0.36018,0.13006700000000002,0.490247,0.0,0.0,0.0
493,5,15,0.25124799999999997,0.10048399999999999,0.35173199999999993,0.0,0.0,0.0
494,4,10,0.165423,0.076499,0.24192199999999997,0.0,0.0,0.0
495,3,6,0.104425,0.056239000000000004,0.160664,0.0,0.0,0.0
496,2,3,0.06323999999999999,0.039608,0.102848,0.0,0.0,0.0
497,1,1,0.032153999999999995,0.022483000000000003,0.054637,0.0,0.0,0.0
508,43,946,30.026048,4.5040510000000005,34.530099,0.0,0.0,0.0
509,40,820,27.429488,3.76791,31.197398,0.0,0.0,0.0
510,39,780,26.351063,3.520086,29.871149,0.0,0.0,0.0
511,36,666,21.693249,2.8741,24.567349,0.0,0.0,0.0
512,32,528,13.56123,4.596571,18.157801,0.0,0.0,0.0
513,31,496,12.514782,4.132028,16.646810000000002,0.0,0.0,0.0
514,30,465,12.388629,3.759804,16.148433,0.0,0.0,0.0
515,29,435,11.254632,3.444604,14.699236,0.0,0.0,0.0
516,27,378,9.556282,2.8740430000000003,12.430325,0.0,0.0,0.0
517,26,351,8.292589,2.615459,10.908047999999999,0.0,0.0,0.0
518,25,325,7.795993999999999,2.270434,10.066427999999998,0.0,0.0,0.0
519,23,276,5.975607,1.816163,7.79177,0.0,0.0,0.0
520,22,253,5.380135999999999,1.590295,6.970431,0.0,0.0,0.0
521,21,231,5.0463499999999994,1.409798,6.456148,0.0,0.0,0.0
522,20,210,4.414064,1.248705,5.662769,0.0,0.0,0.0
523,19,190,4.344719,1.107856,5.452575,0.0,0.0,0.0
524,18,171,3.886854,0.9662229999999999,4.853077,0.0,0.0,0.0
525,17,153,2.956401,0.8463379999999999,3.802739,0.0,0.0,0.0
526,16,136,2.415079,0.747505,3.162584,0.0,0.0,0.0
527,15,120,2.417115,0.6522169999999999,3.0693319999999997,0.0,0.0,0.0
528,14,105,1.9300199999999998,0.54709,2.4771099999999997,0.0,0.0,0.0
529,13,91,0.995392,0.474844,1.470236,0.0,0.0,0.0
530,12,78,1.297013,0.39139399999999996,1.688407,0.0,0.0,0.0
531,11,66,1.0365170000000001,0.32286499999999996,1.359382,0.0,0.0,0.0
532,10,55,1.0362010000000001,0.310816,1.3470170000000001,0.0,0.0,0.0
533,9,45,0.763776,0.227569,0.991345,0.0,0.0,0.0
534,8,36,0.593617,0.190167,0.7837839999999999,0.0,0.0,0.0
535,7,28,0.43092199999999997,0.156952,0.587874,0.0,0.0,0.0
536,6,21,0.360236,0.130691,0.490927,0.0,0.0,0.0
537,5,15,0.216803,0.085256,0.30205899999999997,0.0,0.0,0.0
538,4,10,0.140018,0.062591,0.20260899999999998,0.0,0.0,0.0
539,3,6,0.088568,0.045616,0.134184,0.0,0.0,0.0
540,2,3,0.053577,0.033120000000000004,0.086697,0.0,0.0,0.0
541,1,1,0.031398,0.019063,0.050461000000000006,0.0,0.0,0.0
549,44,990,35.615591,4.793671,40.409262,0.0,0.0,0.0
550,42,903,31.15786,4.306275,35.464135,0.0,0.0,0.0
551,40,820,27.990689999999997,3.714949,31.705638999999998,0.0,0.0,0.0
552,37,703,22.056051,3.1171480000000003,25.173199,0.0,0.0,0.0
553,35,630,19.461126,2.720058,22.181184000000002,0.0,0.0,0.0
554,34,595,15.626569,5.626607,21.253176,0.0,0.0,0.0
555,33,561,14.780617,5.251758,20.032375,0.0,0.0,0.0
556,28,406,10.113463,3.2074640000000003,13.320927,0.0,0.0,0.0
557,27,378,8.655918999999999,2.890543,11.546461999999998,0.0,0.0,0.0
558,26,351,10.365586,2.96455,13.330136,0.0,0.0,0.0
559,25,325,8.639695,2.444017,11.083712,0.0,0.0,0.0
560,24,300,6.9968390000000005,2.176573,9.173412,0.0,0.0,0.0
561,23,276,6.416339,1.9138499999999998,8.330188999999999,0.0,0.0,0.0
562,22,253,5.5035229999999995,1.757611,7.261133999999999,0.0,0.0,0.0
563,21,231,5.144107999999999,1.505845,6.649952999999999,0.0,0.0,0.0
564,20,210,4.687968,1.374537,6.062505,0.0,0.0,0.0
565,19,190,4.240589,1.178954,5.419543,0.0,0.0,0.0
566,18,171,3.9694580000000004,1.057114,5.026572000000001,0.0,0.0,0.0
567,17,153,3.483419,0.918779,4.402198,0.0,0.0,0.0
568,16,136,2.929942,0.7704110000000001,3.7003530000000002,0.0,0.0,0.0
569,15,120,2.4610320000000003,0.6581,3.1191320000000005,0.0,0.0,0.0
570,14,105,2.129406,0.533473,2.6628789999999998,0.0,0.0,0.0
571,13,91,1.6420029999999999,0.473781,2.1157839999999997,0.0,0.0,0.0
572,12,78,1.571779,0.384988,1.9567670000000001,0.0,0.0,0.0
573,11,66,1.1836200000000001,0.33847,1.5220900000000002,0.0,0.0,0.0
574,10,55,0.943123,0.26672399999999996,1.209847,0.0,0.0,0.0
575,9,45,0.874912,0.252089,1.127001,0.0,0.0,0.0
576,8,36,0.622251,0.206124,0.828375,0.0,0.0,0.0
577,7,28,0.418264,0.159713,0.577977,0.0,0.0,0.0
578,6,21,0.326657,0.1287,0.455357,0.0,0.0,0.0
579,5,15,0.25364000000000003,0.1042,0.35784000000000005,0.0,0.0,0.0
580,4,10,0.16227599999999998,0.069149,0.231425,0.0,0.0,0.0
581,3,6,0.091507,0.051445,0.142952,0.0,0.0,0.0
582,2,3,0.054571999999999996,0.033942,0.088514,0.0,0.0,0.0
583,1,1,0.029547,0.014916,0.044463,0.0,0.0,0.0
584,34,595,16.09018,5.633331,21.723511000000002,0.0,0.0,0.0
585,33,561,13.513192,4.688085,18.201277,0.0,0.0,0.0
586,32,528,14.411368000000001,4.513762,18.925130000000003,0.0,0.0,0.0
587,28,406,10.961877999999999,2.993449,13.955326999999999,0.0,0.0,0.0
588,25,325,7.788848,2.2630760000000003,10.051924,0.0,0.0,0.0
589,24,300,6.760975,2.0984990000000003,8.859474,0.0,0.0,0.0
590,21,231,4.69496,1.483834,6.178794,0.0,0.0,0.0
591,20,210,4.551699,1.2853299999999999,5.837029,0.0,0.0,0.0
592,17,153,3.178296,0.9232119999999999,4.101508,0.0,0.0,0.0
593,16,136,2.814475,0.804015,3.61849,0.0,0.0,0.0
594,15,120,2.367891,0.637499,3.0053900000000002,0.0,0.0,0.0
595,13,91,1.629599,0.503499,2.133098,0.0,0.0,0.0
596,12,78,1.417347,0.39279400000000003,1.810141,0.0,0.0,0.0
597,11,66,1.1764270000000001,0.33612200000000003,1.5125490000000001,0.0,0.0,0.0
598,10,55,0.9992270000000001,0.280613,1.27984,0.0,0.0,0.0
599,9,45,0.861373,0.23293899999999998,1.094312,0.0,0.0,0.0
600,8,36,0.681945,0.181281,0.863226,0.0,0.0,0.0
601,7,28,0.5208860000000001,0.139107,0.659993,0.0,0.0,0.0
602,6,21,0.34708599999999995,0.102597,0.44968299999999994,0.0,0.0,0.0
603,5,15,0.237532,0.086391,0.32392299999999996,0.0,0.0,0.0
604,4,10,0.176202,0.07135,0.247552,0.0,0.0,0.0
605,3,6,0.156329,0.064557,0.220886,0.0,0.0,0.0
606,2,3,0.08727,0.043649,0.130919,0.0,0.0,0.0
607,1,1,0.029521000000000002,0.018327,0.047848,0.0,0.0,0.0
608,12,78,1.403969,0.42134699999999997,1.825316,0.0,0.0,0.0
609,11,66,1.241491,0.32677,1.568261,0.0,0.0,0.0
610,10,55,1.10323,0.23728200000000002,1.340512,0.0,0.0,0.0
611,9,45,0.748384,0.18394200000000002,0.9323260000000001,0.0,0.0,0.0
612,8,36,0.5836119999999999,0.163552,0.7471639999999999,0.0,0.0,0.0
613,7,28,0.46175900000000003,0.115956,0.577715,0.0,0.0,0.0
614,6,21,0.346758,0.101003,0.447761,0.0,0.0,0.0
615,5,15,0.258802,0.10636899999999999,0.36517099999999997,0.0,0.0,0.0
616,4,10,0.15375,0.064388,0.218138,0.0,0.0,0.0
617,3,6,0.092371,0.050001,0.142372,0.0,0.0,0.0
618,2,3,0.054072,0.028992,0.083064,0.0,0.0,0.0
619,1,1,0.024008,0.019502000000000002,0.04351000000000001,0.0,0.0,0.0
625,42,903,35.38485,3.9728899999999996,39.35774,0.0,0.0,0.0
626,41,861,26.660405,3.705382,30.365787,0.0,0.0,0.0
627,38,741,22.238459,3.190984,25.429443,0.0,0.0,0.0
628,35,630,17.577429,2.574337,20.151766,0.0,0.0,0.0
629,33,561,16.283517,5.120610999999999,21.404128,0.0,0.0,0.0
630,31,496,12.423186,4.2149980000000005,16.638184,0.0,0.0,0.0
631,30,465,11.827208,3.801982,15.629190000000001,0.0,0.0,0.0
632,29,435,10.872659,3.398912,14.271571000000002,0.0,0.0,0.0
633,28,406,12.274066,3.104574,15.378639999999999,0.0,0.0,0.0
634,27,378,10.403018999999999,2.8281840000000003,13.231202999999999,0.0,0.0,0.0
635,24,300,6.635427999999999,1.9590699999999999,8.594498,0.0,0.0,0.0
636,22,253,6.173961,1.582752,7.756713,0.0,0.0,0.0
637,20,210,4.278675,1.232156,5.510831,0.0,0.0,0.0
638,19,190,3.523199,1.0823230000000001,4.605522000000001,0.0,0.0,0.0
639,18,171,3.091561,0.952548,4.044109,0.0,0.0,0.0
640,16,136,2.6206430000000003,0.665367,3.28601,0.0,0.0,0.0
641,14,105,1.8448309999999999,0.499815,2.344646,0.0,0.0,0.0
642,13,91,1.646377,0.407645,2.054022,0.0,0.0,0.0
643,12,78,1.383564,0.369704,1.753268,0.0,0.0,0.0
644,11,66,1.18451,0.295632,1.4801419999999998,0.0,0.0,0.0
645,10,55,0.8513200000000001,0.245445,1.096765,0.0,0.0,0.0
646,9,45,0.730739,0.21412899999999999,0.944868,0.0,0.0,0.0
647,8,36,0.621013,0.17736,0.798373,0.0,0.0,0.0
648,7,28,0.447478,0.14662599999999998,0.594104,0.0,0.0,0.0
649,6,21,0.30886800000000003,0.120222,0.42909,0.0,0.0,0.0
650,5,15,0.261055,0.092666,0.35372099999999995,0.0,0.0,0.0
651,4,10,0.154862,0.072055,0.22691699999999998,0.0,0.0,0.0
652,3,6,0.08348,0.051073,0.134553,0.0,0.0,0.0
653,2,3,0.053506,0.034641000000000005,0.088147,0.0,0.0,0.0
654,1,1,0.030988,0.025902,0.05689,0.0,0.0,0.0
655,23,276,6.460662,1.6237929999999998,8.084455,0.0,0.0,0.0
656,22,253,5.651143,1.440181,7.091324,0.0,0.0,0.0
657,20,210,4.58581,1.042394,5.628204,0.0,0.0,0.0
658,19,190,4.234904,0.906721,5.141625,0.0,0.0,0.0
659,18,171,3.592496,0.778388,4.370884,0.0,0.0,0.0
660,17,153,3.013097,0.666284,3.6793810000000002,0.0,0.0,0.0
661,16,136,2.459107,0.594628,3.053735,0.0,0.0,0.0
662,14,105,1.970178,0.419343,2.3895210000000002,0.0,0.0,0.0
663,13,91,1.826313,0.371178,2.1974910000000003,0.0,0.0,0.0
664,12,78,1.283578,0.329001,1.6125790000000002,0.0,0.0,0.0
665,11,66,1.0636160000000001,0.28334600000000004,1.3469620000000002,0.0,0.0,0.0
666,10,55,0.8848560000000001,0.199476,1.084332,0.0,0.0,0.0
667,9,45,0.725708,0.179567,0.905275,0.0,0.0,0.0
668,7,28,0.456807,0.113638,0.570445,0.0,0.0,0.0
669,6,21,0.323355,0.100207,0.423562,0.0,0.0,0.0
670,5,15,0.211182,0.089014,0.300196,0.0,0.0,0.0
671,4,10,0.140147,0.052149,0.192296,0.0,0.0,0.0
672,3,6,0.0812,0.044439,0.125639,0.0,0.0,0.0
673,2,3,0.052073,0.027993,0.080066,0.0,0.0,0.0
674,1,1,0.022782,0.016708999999999998,0.039491,0.0,0.0,0.0
676,44,990,32.462082,4.541698,37.003780000000006,0.0,0.0,0.0
677,40,820,25.518600999999997,3.7855749999999997,29.304176,0.0,0.0,0.0
678,36,666,20.83434,3.027636,23.861976000000002,0.0,0.0,0.0
679,31,496,14.635074,3.831808,18.466882,0.0,0.0,0.0
680,28,406,12.254357,2.754495,15.008852000000001,0.0,0.0,0.0
681,27,378,9.849994,2.554689,12.404683,0.0,0.0,0.0
682,24,300,7.46146,1.882018,9.343478,0.0,0.0,0.0
683,23,276,6.470923,1.652954,8.123877,0.0,0.0,0.0
684,21,231,5.342653,1.30727,6.649923,0.0,0.0,0.0
685,20,210,4.835953,1.113374,5.949327,0.0,0.0,0.0
686,18,171,3.9098650000000004,0.893381,4.803246000000001,0.0,0.0,0.0
687,17,153,3.699986,0.763474,4.4634599999999995,0.0,0.0,0.0
688,15,120,2.554887,0.575457,3.130344,0.0,0.0,0.0
689,13,91,1.807054,0.40520900000000004,2.212263,0.0,0.0,0.0
690,12,78,1.507537,0.354256,1.861793,0.0,0.0,0.0
691,11,66,1.266324,0.286819,1.553143,0.0,0.0,0.0
692,10,55,0.9945080000000001,0.242375,1.2368830000000002,0.0,0.0,0.0
693,9,45,0.8194819999999999,0.217622,1.037104,0.0,0.0,0.0
694,8,36,0.5504680000000001,0.20500600000000002,0.7554740000000001,0.0,0.0,0.0
695,7,28,0.492082,0.15011000000000002,0.6421920000000001,0.0,0.0,0.0
696,6,21,0.565084,0.171957,0.7370410000000001,0.0,0.0,0.0
697,5,15,0.389253,0.110744,0.499997,0.0,0.0,0.0
698,4,10,0.162833,0.06941,0.232243,0.0,0.0,0.0
699,3,6,0.099781,0.055099,0.15488,0.0,0.0,0.0
700,2,3,0.052816999999999996,0.031279999999999995,0.08409699999999999,0.0,0.0,0.0
701,1,1,0.026633,0.019151,0.045784000000000005,0.0,0.0,0.0
702,1,1,0.049267,0.055354,0.10462099999999999,0.0,0.0,0.0
714,43,946,27.112345,3.595965,30.70831,0.0,0.0,0.0
715,42,903,27.482763000000002,3.325203,30.807966,0.0,0.0,0.0
716,41,861,24.092194,3.3143439999999997,27.406537999999998,0.0,0.0,0.0
717,39,780,19.882194,2.535516,22.41771,0.0,0.0,0.0
718,36,666,16.262455,2.131699,18.394154,0.0,0.0,0.0
719,34,595,14.081635,4.433104,18.514739,0.0,0.0,0.0
720,32,528,10.832322,3.56162,14.393942,0.0,0.0,0.0
721,31,496,10.471,3.483834,13.954834,0.0,0.0,0.0
722,30,465,9.398685,2.8802709999999996,12.278956,0.0,0.0,0.0
723,29,435,8.660858000000001,2.7184280000000003,11.379286,0.0,0.0,0.0
724,28,406,7.042097,2.305195,9.347292,0.0,0.0,0.0
725,27,378,6.926268,2.094957,9.021225000000001,0.0,0.0,0.0
726,25,325,5.553328,1.576562,7.12989,0.0,0.0,0.0
727,24,300,5.072683,1.504839,6.577522,0.0,0.0,0.0
728,23,276,4.65315,1.238745,5.891895,0.0,0.0,0.0
729,21,231,3.7963099999999996,0.9976449999999999,4.7939549999999995,0.0,0.0,0.0
730,20,210,3.332716,0.8334180000000001,4.1661340000000004,0.0,0.0,0.0
731,19,190,2.992387,0.7552260000000001,3.747613,0.0,0.0,0.0
732,18,171,2.751748,0.6660219999999999,3.41777,0.0,0.0,0.0
733,17,153,2.523014,0.62763,3.150644,0.0,0.0,0.0
734,16,136,2.150948,0.49441100000000004,2.645359,0.0,0.0,0.0
735,15,120,1.768447,0.437837,2.206284,0.0,0.0,0.0
736,14,105,1.461934,0.400456,1.86239,0.0,0.0,0.0
737,13,91,1.3557700000000001,0.35029800000000005,1.7060680000000001,0.0,0.0,0.0
738,12,78,1.052894,0.291942,1.344836,0.0,0.0,0.0
739,11,66,0.829877,0.229259,1.059136,0.0,0.0,0.0
740,10,55,0.6778609999999999,0.183661,0.8615219999999999,0.0,0.0,0.0
741,9,45,0.56116,0.17422600000000002,0.735386,0.0,0.0,0.0
742,8,36,0.430813,0.161571,0.592384,0.0,0.0,0.0
743,7,28,0.373384,0.110308,0.483692,0.0,0.0,0.0
744,6,21,0.278958,0.107192,0.38615,0.0,0.0,0.0
745,5,15,0.175227,0.07711399999999999,0.252341,0.0,0.0,0.0
746,4,10,0.111709,0.061574000000000004,0.17328300000000002,0.0,0.0,0.0
747,3,6,0.068741,0.034208,0.102949,0.0,0.0,0.0
748,2,3,0.038733000000000004,0.021914,0.060647000000000006,0.0,0.0,0.0
749,1,1,0.019735,0.010573,0.030308,0.0,0.0,0.0
754,39,780,27.313019,3.214916,30.527935,0.0,0.0,0.0
755,35,630,22.226227,2.5535750000000004,24.779802000000004,0.0,0.0,0.0
756,34,595,16.74256,5.55432,22.29688,0.0,0.0,0.0
757,31,496,16.302985,4.159672,20.462657,0.0,0.0,0.0
758,30,465,13.479629,3.791408,17.271037,0.0,0.0,0.0
759,29,435,12.609522,3.53683,16.146352,0.0,0.0,0.0
760,27,378,9.702919000000001,2.744382,12.447301000000001,0.0,0.0,0.0
761,26,351,9.238636,2.465698,11.704334,0.0,0.0,0.0
762,25,325,8.055679,2.274239,10.329918,0.0,0.0,0.0
763,24,300,7.210905,2.0229060000000003,9.233811000000001,0.0,0.0,0.0
764,22,253,5.991588,1.597194,7.588782,0.0,0.0,0.0
765,20,210,4.6138639999999995,1.2371070000000002,5.8509709999999995,0.0,0.0,0.0
766,18,171,4.060878000000001,0.9597279999999999,5.020606000000001,0.0,0.0,0.0
767,15,120,2.168113,0.6508520000000001,2.818965,0.0,0.0,0.0
768,14,105,2.903452,0.846879,3.750331,0.0,0.0,0.0
769,12,78,1.400402,0.378904,1.779306,0.0,0.0,0.0
770,11,66,1.149288,0.29062899999999997,1.4399170000000001,0.0,0.0,0.0
771,10,55,1.006913,0.24301899999999999,1.2499319999999998,0.0,0.0,0.0
772,9,45,0.701289,0.21884800000000001,0.9201370000000001,0.0,0.0,0.0
773,8,36,0.532937,0.20215899999999998,0.735096,0.0,0.0,0.0
774,7,28,0.462737,0.139448,0.602185,0.0,0.0,0.0
775,6,21,0.354983,0.120383,0.475366,0.0,0.0,0.0
776,5,15,0.261155,0.088991,0.350146,0.0,0.0,0.0
777,4,10,0.139154,0.067676,0.20683,0.0,0.0,0.0
778,3,6,0.083916,0.05174,0.135656,0.0,0.0,0.0
779,2,3,0.052843999999999995,0.032878,0.08572199999999999,0.0,0.0,0.0
780,1,1,0.029308,0.018233,0.047541,0.0,0.0,0.0
790,43,946,29.422004,3.651369,33.073373000000004,0.0,0.0,0.0
791,41,861,27.981721,3.39922,31.380941,0.0,0.0,0.0
792,40,820,23.788547,3.09838,26.886927,0.0,0.0,0.0
793,39,780,24.158168,2.8734149999999996,27.031582999999998,0.0,0.0,0.0
794,38,741,21.597504999999998,2.849575,24.44708,0.0,0.0,0.0
795,37,703,21.732483000000002,2.6754729999999998,24.407956000000002,0.0,0.0,0.0
796,34,595,15.314845,4.995444,20.310289,0.0,0.0,0.0
797,32,528,13.020311,4.285686,17.305996999999998,0.0,0.0,0.0
798,30,465,9.118276,3.345902,12.464178,0.0,0.0,0.0
799,29,435,10.345226,2.982299,13.327525,0.0,0.0,0.0
800,28,406,8.237688,2.744996,10.982684,0.0,0.0,0.0
801,27,378,7.396951,2.474758,9.871709,0.0,0.0,0.0
802,26,351,6.79866,2.101072,8.899732,0.0,0.0,0.0
803,25,325,6.101209,1.9684730000000001,8.069682,0.0,0.0,0.0
804,24,300,5.597309,1.644356,7.241665,0.0,0.0,0.0
805,22,253,4.57645,1.273988,5.8504380000000005,0.0,0.0,0.0
806,21,231,3.7541800000000003,1.1077190000000001,4.861899,0.0,0.0,0.0
807,18,171,2.873173,0.7585489999999999,3.631722,0.0,0.0,0.0
808,17,153,2.5371230000000002,0.674447,3.21157,0.0,0.0,0.0
809,16,136,2.2072730000000003,0.566007,2.77328,0.0,0.0,0.0
810,15,120,1.9889399999999997,0.502498,2.4914379999999996,0.0,0.0,0.0
811,14,105,1.694852,0.417738,2.11259,0.0,0.0,0.0
812,13,91,1.442142,0.379451,1.821593,0.0,0.0,0.0
813,12,78,1.163707,0.415304,1.579011,0.0,0.0,0.0
814,11,66,1.063572,0.27121300000000004,1.334785,0.0,0.0,0.0
815,10,55,0.792694,0.245617,1.038311,0.0,0.0,0.0
816,9,45,0.682557,0.208824,0.891381,0.0,0.0,0.0
817,8,36,0.569019,0.167735,0.736754,0.0,0.0,0.0
818,7,28,0.397003,0.136067,0.5330699999999999,0.0,0.0,0.0
819,6,21,0.306552,0.11948,0.42603199999999997,0.0,0.0,0.0
820,5,15,0.207195,0.091605,0.2988,0.0,0.0,0.0
821,4,10,0.132881,0.062483000000000004,0.195364,0.0,0.0,0.0
822,3,6,0.08124899999999999,0.045667,0.12691599999999997,0.0,0.0,0.0
823,2,3,0.043087,0.027614,0.070701,0.0,0.0,0.0
824,1,1,0.024945,0.016109000000000002,0.041054,0.0,0.0,0.0
833,41,861,26.353586,3.674685,30.028271,0.0,0.0,0.0
834,40,820,25.557682000000003,3.67883,29.236512000000005,0.0,0.0,0.0
835,38,741,23.253037,3.025591,26.278627999999998,0.0,0.0,0.0
836,37,703,21.156215999999997,2.867059,24.023274999999998,0.0,0.0,0.0
837,36,666,22.43494,2.6098570000000003,25.044797000000003,0.0,0.0,0.0
838,35,630,24.549546,3.601769,28.151315,0.0,0.0,0.0
839,33,561,14.673743,4.986911,19.660654,0.0,0.0,0.0
840,30,465,13.218804,3.4599159999999998,16.67872,0.0,0.0,0.0
841,29,435,10.464327,3.194909,13.659236,0.0,0.0,0.0
842,27,378,8.307591,2.595955,10.903546,0.0,0.0,0.0
843,26,351,6.855299,2.29976,9.155059,0.0,0.0,0.0
844,25,325,6.455595,2.020487,8.476082,0.0,0.0,0.0
845,24,300,6.548212,1.913548,8.46176,0.0,0.0,0.0
846,23,276,5.374481,1.5383630000000001,6.912844000000001,0.0,0.0,0.0
847,22,253,4.863143,1.427965,6.2911079999999995,0.0,0.0,0.0
848,21,231,4.429262,1.2578500000000001,5.687112,0.0,0.0,0.0
849,19,190,3.38049,0.903055,4.283545,0.0,0.0,0.0
850,18,171,2.999518,0.826967,3.826485,0.0,0.0,0.0
851,16,136,2.392549,0.6343489999999999,3.0268979999999996,0.0,0.0,0.0
852,15,120,2.07625,0.521992,2.598242,0.0,0.0,0.0
853,14,105,1.874174,0.49360699999999996,2.367781,0.0,0.0,0.0
854,13,91,1.5495649999999999,0.410014,1.9595789999999997,0.0,0.0,0.0
855,12,78,1.3457899999999998,0.33114,1.6769299999999998,0.0,0.0,0.0
856,11,66,1.112233,0.27688399999999996,1.389117,0.0,0.0,0.0
857,10,55,0.873514,0.231386,1.1049,0.0,0.0,0.0
858,9,45,0.608548,0.19370800000000002,0.802256,0.0,0.0,0.0
859,8,36,0.64975,0.173969,0.8237190000000001,0.0,0.0,0.0
860,7,28,0.42157,0.13424699999999998,0.555817,0.0,0.0,0.0
861,6,21,0.311485,0.11232500000000001,0.42381,0.0,0.0,0.0
862,5,15,0.216667,0.089994,0.306661,0.0,0.0,0.0
863,4,10,0.14552,0.068389,0.21390900000000002,0.0,0.0,0.0
864,3,6,0.07274599999999999,0.048535999999999996,0.12128199999999999,0.0,0.0,0.0
865,2,3,0.048993999999999996,0.032062,0.08105599999999999,0.0,0.0,0.0
866,1,1,0.027326,0.018174,0.0455,0.0,0.0,0.0
867,34,595,19.606932,6.696736,26.303668000000002,0.0,0.0,0.0
868,33,561,12.952863,5.421261,18.374124000000002,0.0,0.0,0.0
869,30,465,19.822375,6.530174,26.352549,0.0,0.0,0.0
870,28,406,18.093372,4.583461,22.676833,0.0,0.0,0.0
871,24,300,8.219206999999999,1.85205,10.071257,0.0,0.0,0.0
872,22,253,5.800449,1.460473,7.260922000000001,0.0,0.0,0.0
873,21,231,5.19763,1.3110789999999999,6.508709,0.0,0.0,0.0
874,19,190,3.969769,1.012089,4.981858,0.0,0.0,0.0
875,18,171,4.206893,0.8985259999999999,5.1054189999999995,0.0,0.0,0.0
876,17,153,4.041085,0.7806580000000001,4.821743,0.0,0.0,0.0
877,16,136,2.98982,0.6586219999999999,3.6484419999999997,0.0,0.0,0.0
878,15,120,2.322334,0.572476,2.89481,0.0,0.0,0.0
879,13,91,1.725431,0.42296100000000003,2.148392,0.0,0.0,0.0
880,12,78,1.4971970000000001,0.3401,1.8372970000000002,0.0,0.0,0.0
881,11,66,1.184348,0.318343,1.502691,0.0,0.0,0.0
882,10,55,0.9365709999999999,0.253525,1.190096,0.0,0.0,0.0
883,9,45,0.862988,0.19828900000000002,1.061277,0.0,0.0,0.0
884,8,36,0.566167,0.18133600000000002,0.747503,0.0,0.0,0.0
885,7,28,0.456994,0.134412,0.591406,0.0,0.0,0.0
886,6,21,0.33997,0.109918,0.449888,0.0,0.0,0.0
887,5,15,0.238173,0.09628600000000001,0.334459,0.0,0.0,0.0
888,4,10,0.15013200000000002,0.066898,0.21703,0.0,0.0,0.0
889,3,6,0.095965,0.051382,0.147347,0.0,0.0,0.0
890,2,3,0.056262,0.034313,0.090575,0.0,0.0,0.0
891,1,1,0.0414,0.021444,0.062844,0.0,0.0,0.0
892,12,78,1.786178,0.35109399999999996,2.137272,0.0,0.0,0.0
893,11,66,0.990884,0.290034,1.280918,0.0,0.0,0.0
894,10,55,0.821202,0.20378000000000002,1.024982,0.0,0.0,0.0
895,9,45,0.660619,0.171079,0.8316979999999999,0.0,0.0,0.0
896,7,28,0.433163,0.109209,0.5423720000000001,0.0,0.0,0.0
897,6,21,0.30580199999999996,0.07994,0.385742,0.0,0.0,0.0
898,5,15,0.243529,0.096912,0.340441,0.0,0.0,0.0
899,4,10,0.151381,0.05545,0.206831,0.0,0.0,0.0
900,3,6,0.087556,0.037870999999999995,0.12542699999999998,0.0,0.0,0.0
901,2,3,0.065801,0.023685,0.089486,0.0,0.0,0.0
902,1,1,0.022853,0.014433000000000001,0.037286,0.0,0.0,0.0
907,43,946,31.405700000000003,3.6829660000000004,35.088666,0.0,0.0,0.0
908,38,741,24.44932,2.908238,27.357558,0.0,0.0,0.0
909,35,630,18.014581000000003,2.304473,20.319054000000005,0.0,0.0,0.0
910,34,595,16.748407,5.057931,21.806338,0.0,0.0,0.0
911,33,561,16.071927,4.6541619999999995,20.726088999999998,0.0,0.0,0.0
912,32,528,14.024459,4.302773,18.327232000000002,0.0,0.0,0.0
913,31,496,13.008137,3.9373660000000004,16.945503,0.0,0.0,0.0
914,28,406,9.883970000000001,2.6738880000000003,12.557858000000001,0.0,0.0,0.0
915,27,378,8.753097,2.428445,11.181542,0.0,0.0,0.0
916,26,351,7.977905000000001,2.180063,10.157968,0.0,0.0,0.0
917,25,325,7.49178,2.018476,9.510256,0.0,0.0,0.0
918,24,300,6.882061,1.757708,8.639769000000001,0.0,0.0,0.0
919,23,276,5.8663170000000004,1.527176,7.393493,0.0,0.0,0.0
920,22,253,5.265884,1.394693,6.660577,0.0,0.0,0.0
921,21,231,4.748023,1.2408219999999999,5.9888449999999995,0.0,0.0,0.0
922,19,190,3.9234990000000005,0.94406,4.867559000000001,0.0,0.0,0.0
923,18,171,4.592542,0.853927,5.446469,0.0,0.0,0.0
924,16,136,3.1969149999999997,0.668476,3.865391,0.0,0.0,0.0
925,15,120,2.780343,0.558834,3.339177,0.0,0.0,0.0
926,14,105,2.1205659999999997,0.47151499999999996,2.592081,0.0,0.0,0.0
927,13,91,1.736863,0.412817,2.14968,0.0,0.0,0.0
928,12,78,1.393944,0.361757,1.7557010000000002,0.0,0.0,0.0
929,11,66,1.238419,0.297917,1.536336,0.0,0.0,0.0
930,10,55,0.9137299999999999,0.258421,1.172151,0.0,0.0,0.0
931,9,45,0.76189,0.21872999999999998,0.9806199999999999,0.0,0.0,0.0
932,8,36,0.644318,0.18113800000000002,0.825456,0.0,0.0,0.0
933,7,28,0.5093679999999999,0.149944,0.6593119999999999,0.0,0.0,0.0
934,6,21,0.381669,0.128591,0.5102599999999999,0.0,0.0,0.0
935,5,15,0.251736,0.096303,0.348039,0.0,0.0,0.0
936,4,10,0.18159799999999998,0.074627,0.256225,0.0,0.0,0.0
937,3,6,0.107125,0.050827,0.15795199999999998,0.0,0.0,0.0
938,2,3,0.061162999999999995,0.034561,0.095724,0.0,0.0,0.0
939,1,1,0.034482,0.021072,0.055554,0.0,0.0,0.0
940,23,276,9.229021000000001,1.6755540000000002,10.904575000000001,0.0,0.0,0.0
941,22,253,5.897254,1.419829,7.317083,0.0,0.0,0.0
942,20,210,4.837346999999999,1.137387,5.974734,0.0,0.0,0.0
943,18,171,3.477465,0.871256,4.348721,0.0,0.0,0.0
944,16,136,2.663993,0.622284,3.286277,0.0,0.0,0.0
945,15,120,2.538351,0.542283,3.080634,0.0,0.0,0.0
946,14,105,1.947449,0.47004399999999996,2.417493,0.0,0.0,0.0
947,13,91,1.705085,0.396722,2.101807,0.0,0.0,0.0
948,12,78,1.345952,0.33793,1.683882,0.0,0.0,0.0
949,11,66,1.091898,0.28562,1.377518,0.0,0.0,0.0
950,10,55,0.9969779999999999,0.23777299999999998,1.234751,0.0,0.0,0.0
951,9,45,0.768474,0.197273,0.965747,0.0,0.0,0.0
952,8,36,0.601473,0.23866600000000002,0.8401390000000001,0.0,0.0,0.0
953,7,28,0.45512400000000003,0.1283,0.583424,0.0,0.0,0.0
954,6,21,0.57008,0.14550500000000002,0.715585,0.0,0.0,0.0
955,5,15,0.28584200000000004,0.100152,0.38599400000000006,0.0,0.0,0.0
956,4,10,0.18603,0.06691,0.25294,0.0,0.0,0.0
957,3,6,0.09483,0.047407000000000005,0.142237,0.0,0.0,0.0
958,2,3,0.055765,0.033547,0.089312,0.0,0.0,0.0
959,1,1,0.027195,0.017917000000000002,0.045112,0.0,0.0,0.0
961,44,990,33.567564000000004,5.6847,39.252264000000004,0.0,0.0,0.0
962,37,703,20.574199,3.369654,23.943853,0.0,0.0,0.0
963,30,465,12.437505999999999,3.3272380000000004,15.764744,0.0,0.0,0.0
964,28,406,17.007664,2.764674,19.772337999999998,0.0,0.0,0.0
965,27,378,8.4601,2.384054,10.844154,0.0,0.0,0.0
966,25,325,7.054132,1.996026,9.050158,0.0,0.0,0.0
967,23,276,6.203321000000001,1.581529,7.7848500000000005,0.0,0.0,0.0
968,22,253,5.661386,1.365545,7.026931,0.0,0.0,0.0
969,21,231,4.9623289999999995,1.222356,6.184685,0.0,0.0,0.0
970,20,210,4.408483,1.083014,5.491497000000001,0.0,0.0,0.0
971,19,190,3.75697,0.9219579999999999,4.678928,0.0,0.0,0.0
972,18,171,3.502247,0.820218,4.322465,0.0,0.0,0.0
973,17,153,3.121761,0.73153,3.8532909999999996,0.0,0.0,0.0
974,16,136,2.496801,0.6291880000000001,3.125989,0.0,0.0,0.0
975,15,120,2.200753,0.52963,2.7303830000000002,0.0,0.0,0.0
976,14,105,1.9748690000000002,0.47095600000000004,2.445825,0.0,0.0,0.0
977,13,91,1.610895,0.40467,2.015565,0.0,0.0,0.0
978,11,66,1.213044,0.290972,1.504016,0.0,0.0,0.0
979,10,55,0.9946969999999999,0.24421099999999998,1.238908,0.0,0.0,0.0
980,9,45,0.7780140000000001,0.198673,0.9766870000000001,0.0,0.0,0.0
981,8,36,0.614035,0.187729,0.801764,0.0,0.0,0.0
982,7,28,0.495332,0.146169,0.641501,0.0,0.0,0.0
983,6,21,0.37240199999999996,0.112699,0.48510099999999995,0.0,0.0,0.0
984,5,15,0.234235,0.104447,0.338682,0.0,0.0,0.0
985,4,10,0.16139900000000001,0.06888899999999999,0.230288,0.0,0.0,0.0
986,3,6,0.108019,0.052726,0.160745,0.0,0.0,0.0
987,2,3,0.06119800000000001,0.035514,0.096712,0.0,0.0,0.0
988,1,1,0.02936,0.019949,0.049309000000000006,0.0,0.0,0.0
989,1,1,0.033479,0.040942,0.074421,0.0,0.0,0.0
1002,39,780,21.677337,3.3718630000000003,25.049200000000003,0.0,0.0,0.0
1003,38,741,20.708036999999997,3.358947,24.066983999999998,0.0,0.0,0.0
1004,36,666,17.734714,2.3029270000000004,20.037641,0.0,0.0,0.0
1005,35,630,16.928512,2.2052650000000003,19.133777000000002,0.0,0.0,0.0
1006,34,595,13.886568,4.537992,18.42456,0.0,0.0,0.0
1007,33,561,13.856798999999999,4.170102999999999,18.026902,0.0,0.0,0.0
1008,32,528,12.342918,3.755694,16.098612,0.0,0.0,0.0
1009,30,465,12.800317999999999,3.1177610000000002,15.918078999999999,0.0,0.0,0.0
1010,27,378,8.929501,2.251925,11.181426,0.0,0.0,0.0
1011,25,325,6.950740000000001,1.77988,8.73062,0.0,0.0,0.0
1012,24,300,5.66252,1.574226,7.236746,0.0,0.0,0.0
1013,23,276,5.159618,1.413382,6.573,0.0,0.0,0.0
1014,22,253,5.20285,1.425724,6.6285739999999995,0.0,0.0,0.0
1015,21,231,4.502695,1.237643,5.740338,0.0,0.0,0.0
1016,20,210,4.102355,1.040546,5.142901,0.0,0.0,0.0
1017,19,190,3.4855210000000003,0.898204,4.383725,0.0,0.0,0.0
1018,18,171,2.802466,1.150531,3.952997,0.0,0.0,0.0
1019,17,153,2.4073919999999998,0.703772,3.1111639999999996,0.0,0.0,0.0
1020,16,136,2.176155,0.606695,2.78285,0.0,0.0,0.0
1021,15,120,1.940621,0.533354,2.473975,0.0,0.0,0.0
1022,14,105,1.560718,0.472056,2.032774,0.0,0.0,0.0
1023,13,91,1.7145000000000001,0.367766,2.082266,0.0,0.0,0.0
1024,12,78,1.1837760000000002,0.351158,1.5349340000000002,0.0,0.0,0.0
1025,11,66,0.965944,0.241168,1.207112,0.0,0.0,0.0
1026,10,55,0.750012,0.180986,0.930998,0.0,0.0,0.0
1027,9,45,0.610702,0.22245,0.833152,0.0,0.0,0.0
1028,8,36,0.550983,0.187973,0.738956,0.0,0.0,0.0
1029,7,28,0.391411,0.138072,0.529483,0.0,0.0,0.0
1030,6,21,0.316865,0.09679499999999999,0.41366,0.0,0.0,0.0
1031,5,15,0.24902300000000002,0.100658,0.349681,0.0,0.0,0.0
1032,4,10,0.155536,0.064225,0.219761,0.0,0.0,0.0
1033,3,6,0.089202,0.06486499999999999,0.154067,0.0,0.0,0.0
1034,2,3,0.046299,0.033181,0.07948,0.0,0.0,0.0
1035,1,1,0.024066,0.019431999999999998,0.043497999999999995,0.0,0.0,0.0
1039,39,780,25.199747000000002,2.963336,28.163083,0.0,0.0,0.0
1040,37,703,18.665626,2.61791,21.283535999999998,0.0,0.0,0.0
1041,35,630,18.534198000000004,2.3490379999999997,20.883236000000004,0.0,0.0,0.0
1042,31,496,12.720945,3.7843590000000003,16.505304000000002,0.0,0.0,0.0
1043,30,465,11.520821,3.4189599999999998,14.939781,0.0,0.0,0.0
1044,29,435,16.419535,5.300642000000001,21.720177,0.0,0.0,0.0
1045,28,406,10.449859,3.476758,13.926617,0.0,0.0,0.0
1046,26,351,8.38344,2.2523589999999998,10.635799,0.0,0.0,0.0
1047,24,300,6.678416,1.742109,8.420525,0.0,0.0,0.0
1048,23,276,6.13963,1.557404,7.697034,0.0,0.0,0.0
1049,22,253,5.9486740000000005,1.4064800000000002,7.355154000000001,0.0,0.0,0.0
1050,21,231,8.802747,1.837677,10.640424,0.0,0.0,0.0
1051,20,210,5.456837,1.0747630000000001,6.5316,0.0,0.0,0.0
1052,19,190,6.723292,1.491195,8.214487,0.0,0.0,0.0
1053,18,171,4.160646,0.861958,5.022603999999999,0.0,0.0,0.0
1054,17,153,3.456392,0.729877,4.186269,0.0,0.0,0.0
1055,15,120,2.604444,0.540667,3.145111,0.0,0.0,0.0
1056,14,105,1.4454500000000001,0.48899999999999993,1.93445,0.0,0.0,0.0
1057,13,91,1.727277,0.411198,2.138475,0.0,0.0,0.0
1058,12,78,1.464106,0.357494,1.8215999999999999,0.0,0.0,0.0
1059,11,66,1.296731,0.298369,1.5951,0.0,0.0,0.0
1060,10,55,0.929328,0.233042,1.1623700000000001,0.0,0.0,0.0
1061,9,45,0.802602,0.21077300000000002,1.0133750000000001,0.0,0.0,0.0
1062,8,36,0.584487,0.193305,0.777792,0.0,0.0,0.0
1063,7,28,0.513078,0.14987099999999998,0.662949,0.0,0.0,0.0
1064,6,21,0.37492200000000003,0.117892,0.49281400000000003,0.0,0.0,0.0
1065,5,15,0.27105500000000005,0.093949,0.36500400000000005,0.0,0.0,0.0
1066,4,10,0.182509,0.071016,0.253525,0.0,0.0,0.0
1067,3,6,0.105418,0.052225999999999995,0.157644,0.0,0.0,0.0
1068,2,3,0.055163000000000004,0.033877000000000004,0.08904000000000001,0.0,0.0,0.0
1069,1,1,0.030524000000000003,0.020927,0.051451000000000004,0.0,0.0,0.0
1079,44,990,32.36493,3.77128,36.13621,0.0,0.0,0.0
1080,42,903,28.254382000000003,3.411708,31.666090000000004,0.0,0.0,0.0
1081,37,703,19.273149999999998,2.3497079999999997,21.622857999999997,0.0,0.0,0.0
1082,36,666,18.974569,2.382823,21.357391999999997,0.0,0.0,0.0
1083,35,630,16.368009,2.077318,18.445327,0.0,0.0,0.0
1084,34,595,16.04609,4.570225,20.616315,0.0,0.0,0.0
1085,32,528,14.121452,3.806676,17.928128,0.0,0.0,0.0
1086,31,496,13.635256,3.521388,17.156644,0.0,0.0,0.0
1087,29,435,11.271191,2.876993,14.148184,0.0,0.0,0.0
1088,28,406,9.535167000000001,2.473681,12.008848,0.0,0.0,0.0
1089,25,325,6.740829000000001,1.8234270000000001,8.564256,0.0,0.0,0.0
1090,24,300,5.956987000000001,1.616253,7.57324,0.0,0.0,0.0
1091,23,276,5.317107,1.450039,6.767146,0.0,0.0,0.0
1092,22,253,4.833772,1.328754,6.162526,0.0,0.0,0.0
1093,21,231,4.418133,1.140973,5.559106,0.0,0.0,0.0
1094,20,210,3.9789960000000004,1.0351299999999999,5.014126,0.0,0.0,0.0
1095,19,190,3.7082439999999997,0.95691,4.665153999999999,0.0,0.0,0.0
1096,18,171,2.915134,0.749087,3.664221,0.0,0.0,0.0
1097,17,153,2.680291,0.712483,3.392774,0.0,0.0,0.0
1098,16,136,2.329239,0.615748,2.944987,0.0,0.0,0.0
1099,15,120,2.306899,0.565429,2.872328,0.0,0.0,0.0
1100,14,105,1.708852,0.449189,2.158041,0.0,0.0,0.0
1101,13,91,1.492132,0.361293,1.853425,0.0,0.0,0.0
1102,12,78,1.290874,0.315892,1.6067660000000001,0.0,0.0,0.0
1103,11,66,1.1489580000000001,0.295612,1.4445700000000001,0.0,0.0,0.0
1104,10,55,0.859768,0.216136,1.075904,0.0,0.0,0.0
1105,9,45,0.655331,0.193696,0.849027,0.0,0.0,0.0
1106,8,36,0.5474810000000001,0.161815,0.7092960000000001,0.0,0.0,0.0
1107,7,28,0.45207,0.117242,0.569312,0.0,0.0,0.0
1108,6,21,0.41925399999999996,0.111413,0.530667,0.0,0.0,0.0
1109,4,10,0.167158,0.060247,0.227405,0.0,0.0,0.0
1110,3,6,0.083081,0.04177,0.124851,0.0,0.0,0.0
1111,2,3,0.051048,0.029627,0.080675,0.0,0.0,0.0
1112,1,1,0.019500999999999998,0.02393,0.043431,0.0,0.0,0.0
1119,43,946,32.170322,3.8076429999999997,35.977965,0.0,0.0,0.0
1120,42,903,30.541487,3.55508,34.096567,0.0,0.0,0.0
1121,39,780,25.76776,3.011877,28.779637,0.0,0.0,0.0
1122,37,703,22.474817,2.9172629999999997,25.39208,0.0,0.0,0.0
1123,35,630,17.938721,2.256144,20.194865,0.0,0.0,0.0
1124,33,561,15.029417,4.524763999999999,19.554181,0.0,0.0,0.0
1125,32,528,13.659082,4.1938949999999995,17.852977,0.0,0.0,0.0
1126,31,496,12.469589999999998,3.8168320000000002,16.286421999999998,0.0,0.0,0.0
1127,30,465,11.435001,3.414985,14.849986,0.0,0.0,0.0
1128,29,435,10.450554,3.103657,13.554211,0.0,0.0,0.0
1129,28,406,10.091541000000001,2.798246,12.889787000000002,0.0,0.0,0.0
1130,26,351,7.954416000000001,2.276278,10.230694000000002,0.0,0.0,0.0
1131,23,276,6.020982999999999,1.6030689999999999,7.624051999999999,0.0,0.0,0.0
1132,22,253,5.603485,1.431155,7.03464,0.0,0.0,0.0
1133,21,231,4.959187,1.2681509999999998,6.227338,0.0,0.0,0.0
1134,20,210,4.20258,1.138069,5.340649,0.0,0.0,0.0
1135,19,190,3.748294,0.9950549999999999,4.743349,0.0,0.0,0.0
1136,18,171,3.297469,0.865315,4.162784,0.0,0.0,0.0
1137,17,153,2.954524,0.753832,3.708356,0.0,0.0,0.0
1138,16,136,2.632871,0.672197,3.3050680000000003,0.0,0.0,0.0
1139,15,120,2.272237,0.567821,2.840058,0.0,0.0,0.0
1140,14,105,1.944431,0.48570800000000003,2.430139,0.0,0.0,0.0
1141,13,91,1.5895480000000002,0.426286,2.0158340000000003,0.0,0.0,0.0
1142,12,78,1.366738,0.360533,1.727271,0.0,0.0,0.0
1143,11,66,1.156313,0.30129100000000003,1.457604,0.0,0.0,0.0
1144,10,55,0.897138,0.23772600000000002,1.134864,0.0,0.0,0.0
1145,9,45,0.7141419999999999,0.20038599999999998,0.9145279999999999,0.0,0.0,0.0
1146,8,36,0.591246,0.168603,0.759849,0.0,0.0,0.0
1147,7,28,0.5028670000000001,0.146679,0.6495460000000001,0.0,0.0,0.0
1148,6,21,0.328186,0.11472900000000001,0.442915,0.0,0.0,0.0
1149,5,15,0.26644199999999996,0.085557,0.35199899999999995,0.0,0.0,0.0
1150,4,10,0.15851400000000002,0.066106,0.22462000000000001,0.0,0.0,0.0
1151,3,6,0.099595,0.048475,0.14807,0.0,0.0,0.0
1152,2,3,0.051802,0.031893,0.08369499999999999,0.0,0.0,0.0
1153,1,1,0.027301,0.020288999999999998,0.04758999999999999,0.0,0.0,0.0
1154,34,595,25.321976,5.56103,30.883005999999998,0.0,0.0,0.0
1155,32,528,11.812035,4.026638,15.838673,0.0,0.0,0.0
1156,26,351,7.45164,2.0132399999999997,9.46488,0.0,0.0,0.0
1157,23,276,5.660841,1.611871,7.272711999999999,0.0,0.0,0.0
1158,21,231,4.608936999999999,1.2840099999999999,5.8929469999999995,0.0,0.0,0.0
1159,20,210,4.891478,1.0763610000000001,5.967839000000001,0.0,0.0,0.0
1160,19,190,6.697958000000001,1.433168,8.131126,0.0,0.0,0.0
1161,17,153,4.457766,1.048849,5.506615,0.0,0.0,0.0
1162,16,136,2.6803679999999996,0.661894,3.342262,0.0,0.0,0.0
1163,15,120,2.414543,0.537962,2.9525050000000004,0.0,0.0,0.0
1164,14,105,2.118464,0.466242,2.5847059999999997,0.0,0.0,0.0
1165,13,91,1.60337,0.417428,2.020798,0.0,0.0,0.0
1166,12,78,1.4462920000000001,0.363779,1.8100710000000002,0.0,0.0,0.0
1167,11,66,1.274677,0.295427,1.5701040000000002,0.0,0.0,0.0
1168,10,55,1.020525,0.23824499999999998,1.25877,0.0,0.0,0.0
1169,9,45,0.7872429999999999,0.20922000000000002,0.9964629999999999,0.0,0.0,0.0
1170,8,36,0.872533,0.314906,1.187439,0.0,0.0,0.0
1171,7,28,0.540351,0.127009,0.6673600000000001,0.0,0.0,0.0
1172,6,21,0.365285,0.11831599999999999,0.483601,0.0,0.0,0.0
1173,5,15,0.25736,0.10219400000000001,0.359554,0.0,0.0,0.0
1174,4,10,0.161473,0.066248,0.227721,0.0,0.0,0.0
1175,3,6,0.11054699999999999,0.0537,0.16424699999999998,0.0,0.0,0.0
1176,2,3,0.060513000000000004,0.033949,0.094462,0.0,0.0,0.0
1177,1,1,0.029938,0.01838,0.048318,0.0,0.0,0.0
