num_jobs,job_combinations,solve_time_millis,setup_time_millis,total_time_millis
12,78,2.290718,0.589829,2.880547
11,66,1.95727,0.498356,2.455626
8,36,1.0216640000000001,0.299998,1.3216620000000001
7,28,0.731504,0.233452,0.964956
6,21,0.564657,0.15859,0.723247
5,15,0.413132,0.197913,0.6110450000000001
4,10,0.17382199999999998,0.063709,0.237531
3,6,0.11022900000000001,0.067842,0.178071
2,3,0.057444,0.028795,0.08623900000000001
1,1,0.02809,0.028599,0.056689
67,2278,78.233751,17.934842,96.168593
66,2211,95.229569,17.143888999999998,112.373458
59,1770,55.985322999999994,12.094047999999999,68.079371
52,1378,44.389247,9.092709,53.481956
49,1225,38.970645,7.8795470000000005,46.850192
45,1035,31.159218,6.373532,37.53275
41,861,23.264528,4.435701,27.700229
37,703,18.79391,3.407579,22.201489000000002
33,561,13.776784000000001,5.1068,18.883584
32,528,18.503666,7.7777970000000005,26.281463
31,496,17.742195,7.029166,24.771361
30,465,11.448849000000001,3.932424,15.381273
28,406,9.784862,3.1332750000000003,12.918137000000002
27,378,9.0261,2.875887,11.901987
26,351,8.313845,2.713946,11.027791
25,325,7.726305,2.406917,10.133222
24,300,6.8868480000000005,2.173316,9.060164
23,276,6.470407,1.945872,8.416279
22,253,5.797766,1.729034,7.5268
20,210,4.860678,1.384508,6.245186
19,190,4.647850999999999,1.210729,5.858579999999999
18,171,3.618017,1.0343419999999999,4.652359
17,153,3.283154,0.934899,4.218053
16,136,2.903254,0.781745,3.684999
15,120,2.380354,0.690812,3.071166
14,105,1.9671950000000002,0.595882,2.5630770000000003
13,91,1.773592,0.5186989999999999,2.292291
12,78,1.500423,0.429774,1.9301970000000002
11,66,1.273895,0.370021,1.643916
10,55,1.0777409999999998,0.302671,1.3804119999999998
9,45,0.886105,0.24445100000000003,1.1305560000000001
8,36,0.737894,0.202708,0.940602
7,28,0.544357,0.15123099999999998,0.695588
6,21,0.40369,0.127717,0.531407
5,15,0.29957999999999996,0.106057,0.40563699999999997
4,10,0.177413,0.071784,0.249197
3,6,0.109319,0.059138,0.168457
2,3,0.065393,0.036465,0.101858
1,1,0.027438,0.020216,0.047654
23,276,7.563325,2.0469199999999996,9.610244999999999
22,253,6.883705,1.805928,8.689633
20,210,5.2657,1.42939,6.6950899999999995
17,153,3.319906,0.892154,4.21206
16,136,2.724081,0.751378,3.475459
15,120,2.383665,0.6435339999999999,3.027199
14,105,2.017604,0.5609569999999999,2.5785609999999997
13,91,1.770078,0.481487,2.2515650000000003
12,78,1.507196,0.411848,1.919044
11,66,1.1752559999999999,0.35310400000000003,1.52836
10,55,0.9914069999999999,0.29423900000000003,1.2856459999999998
9,45,0.806389,0.23657499999999998,1.042964
8,36,0.653286,0.211703,0.864989
7,28,0.5086790000000001,0.16123,0.6699090000000001
6,21,0.402387,0.119744,0.522131
5,15,0.29132399999999997,0.119289,0.410613
4,10,0.180109,0.077463,0.257572
3,6,0.117618,0.057783,0.175401
2,3,0.060232,0.032350000000000004,0.092582
1,1,0.025234,0.01518,0.040414
45,1035,30.564890000000002,6.652525000000001,37.217415
44,990,29.080576999999998,6.2195920000000005,35.300169
38,741,19.698132,4.273654,23.971786
35,630,17.152516,3.595394,20.747909999999997
33,561,13.915132,5.079549,18.994681
31,496,12.254817,4.1686309999999995,16.423448
30,465,11.423248000000001,3.827895,15.251143
29,435,10.717955,3.492929,14.210884
26,351,8.212663000000001,2.480403,10.693066000000002
25,325,7.499645999999999,2.207349,9.706995
22,253,5.4839579999999994,1.6206809999999998,7.104638999999999
20,210,4.385536,1.3206,5.706136
18,171,3.7114930000000004,1.007974,4.719467
17,153,3.2516429999999996,0.9343710000000001,4.186014
16,136,2.702131,0.794082,3.496213
15,120,2.541929,0.678654,3.220583
14,105,2.021032,0.593648,2.61468
13,91,1.745875,0.513369,2.259244
12,78,1.486133,0.435034,1.9211669999999998
11,66,2.2321530000000003,0.371291,2.603444
10,55,0.928748,0.318585,1.247333
9,45,0.807862,0.24952200000000002,1.0573839999999999
8,36,1.022934,0.309611,1.332545
7,28,0.7320599999999999,0.229517,0.9615769999999999
6,21,0.5995590000000001,0.163331,0.7628900000000001
5,15,0.29076599999999997,0.10148499999999999,0.39225099999999996
4,10,0.20128600000000002,0.08827600000000001,0.28956200000000004
3,6,0.112339,0.066142,0.178481
2,3,0.06471500000000001,0.042329,0.107044
1,1,0.052194000000000004,0.027226999999999998,0.079421
1,1,0.029869000000000003,0.024712,0.054581000000000005
100,5050,344.244726,51.720384,395.96511000000004
99,4950,366.967857,50.739703,417.70756
89,4005,197.848489,37.218771999999994,235.067261
83,3486,155.901552,30.522606,186.424158
75,2850,130.92727200000002,21.825737,152.75300900000002
72,2628,97.659389,19.581903,117.241292
67,2278,100.379946,16.172621000000003,116.55256700000001
60,1830,63.482441,10.54763,74.030071
58,1711,49.345473,9.684835,59.030308
51,1326,39.527387999999995,8.149516,47.67690399999999
50,1275,37.717558999999994,6.494955,44.21251399999999
48,1176,34.45404,5.862542,40.316582
47,1128,33.101244,5.509936,38.611180000000004
44,990,27.141163,4.689957,31.83112
43,946,25.347234,4.415762,29.762996
42,903,22.149505,3.9555320000000003,26.105037000000003
41,861,20.873126,3.610606,24.483732
40,820,19.721808,3.400144,23.121952
39,780,21.444174,5.330547,26.774721
38,741,17.405255,3.01388,20.419135
36,666,15.742283999999998,2.628852,18.371136
35,630,14.79298,2.488783,17.281763
33,561,12.160948,4.285428,16.446376
32,528,11.416174,3.746432,15.162606
31,496,10.638069,3.557265,14.195333999999999
30,465,9.646065,3.087331,12.733395999999999
29,435,9.169450000000001,2.822551,11.992001000000002
25,325,6.417388000000001,1.836617,8.254005000000001
24,300,5.920443,1.7299660000000001,7.650409
23,276,5.433477,1.507983,6.94146
22,253,4.9946410000000006,1.380054,6.374695000000001
21,231,4.518434,1.19106,5.709494
20,210,4.014072,1.0349389999999998,5.049010999999999
19,190,3.6254540000000004,0.919185,4.544639
18,171,3.229791,0.803222,4.033013
17,153,2.689749,0.694481,3.38423
16,136,2.3607020000000003,0.60484,2.965542
15,120,2.293047,0.620424,2.913471
14,105,1.819356,0.45061100000000004,2.269967
13,91,1.624047,0.37766900000000003,2.001716
12,78,1.342952,0.324602,1.667554
11,66,1.134056,0.26813,1.402186
10,55,0.9334760000000001,0.225432,1.158908
9,45,0.711646,0.180595,0.8922410000000001
8,36,0.533012,0.17999800000000002,0.71301
7,28,0.41275300000000004,0.124923,0.537676
6,21,0.326902,0.09985,0.426752
5,15,0.24884,0.07608000000000001,0.32492
4,10,0.135399,0.046872000000000004,0.182271
3,6,0.099721,0.032591,0.132312
2,3,0.048936,0.031549,0.080485
1,1,0.021393,0.010628,0.032021
56,1596,50.832694,10.213303,61.045997
55,1540,49.461492,12.102576000000001,61.564068
48,1176,34.977407,7.257245,42.234652
44,990,29.644693,5.962014,35.606707
42,903,26.591305,5.488168,32.079473
38,741,19.401265000000002,4.044023,23.445288
37,703,18.560625,3.222377,21.783002000000003
35,630,15.778302000000002,2.903042,18.681344000000003
30,465,11.109293,3.671878,14.781170999999999
29,435,10.440007,3.348013,13.78802
27,378,9.235529,2.839437,12.074966
25,325,7.616836,2.2960480000000003,9.912884
24,300,7.179156,2.063663,9.242819
23,276,6.545557,1.917791,8.463348
22,253,5.951632,1.69715,7.648782
21,231,5.319488,1.525984,6.845472
20,210,4.476101,1.349844,5.825945
19,190,4.254798,1.1850450000000001,5.439843
18,171,3.9954509999999996,1.063553,5.059004
17,153,3.2579369999999996,0.9214060000000001,4.179342999999999
16,136,2.997658,0.830086,3.827744
15,120,2.484104,0.6767709999999999,3.160875
14,105,2.130181,0.588547,2.718728
13,91,1.8368760000000002,0.522331,2.359207
12,78,1.48418,0.42786199999999996,1.912042
11,66,1.267386,0.36347,1.6308559999999999
10,55,1.0798889999999999,0.307991,1.38788
9,45,0.8792179999999999,0.2475,1.1267179999999999
8,36,0.7178599999999999,0.19386499999999998,0.9117249999999999
7,28,0.525464,0.180555,0.7060190000000001
6,21,0.406978,0.12889299999999998,0.535871
5,15,0.298812,0.132613,0.43142500000000006
4,10,0.174434,0.08446100000000001,0.258895
3,6,0.113384,0.058705999999999994,0.17209
2,3,0.06672,0.040482000000000004,0.107202
1,1,0.032978999999999994,0.01927,0.05224899999999999
89,4005,220.090156,40.32666,260.416816
88,3916,241.876754,38.562534,280.43928800000003
81,3321,180.541695,30.174492,210.716187
73,2701,111.435116,22.610211000000003,134.045327
68,2346,90.044545,18.485661,108.53020599999999
66,2211,83.31260999999999,17.31036,100.62297
62,1953,76.235042,12.871281999999999,89.106324
56,1596,50.902833,10.870934,61.773767
53,1431,44.310303000000005,8.342305,52.652608
48,1176,35.871356999999996,6.255809,42.127165999999995
47,1128,34.526967,6.002773,40.52974
46,1081,32.477193,6.8983,39.375493
45,1035,30.567902,5.276144,35.844046
43,946,25.262968,4.873602,30.13657
42,903,24.629333,4.4915650000000005,29.120898
41,861,23.806382,4.206502,28.012884
40,820,22.491212,4.055282,26.546494000000003
38,741,18.841510999999997,3.5776570000000003,22.419168
37,703,18.498357,3.333041,21.831398
36,666,17.564593,3.1510800000000003,20.715673
34,595,14.676383,5.3818,20.058183
33,561,13.86754,4.8600129999999995,18.727553
30,465,11.105958000000001,3.6848240000000003,14.790782000000002
29,435,10.366686999999999,3.362177,13.728863999999998
28,406,9.570196,3.010333,12.580528999999999
26,351,7.741783000000001,2.465896,10.207679
24,300,6.787894,1.9822429999999998,8.770137
23,276,6.131391,1.782066,7.913456999999999
22,253,5.659001,1.570704,7.229705
21,231,4.971368,1.3566909999999999,6.328059
20,210,4.409332,1.247833,5.657165
19,190,4.00539,1.073876,5.0792660000000005
18,171,3.560432,0.922513,4.482945
17,153,2.972052,0.797863,3.769915
16,136,2.637411,0.719172,3.356583
15,120,2.301453,0.609883,2.911336
14,105,2.0233489999999996,0.530984,2.5543329999999997
13,91,1.719098,0.450112,2.16921
12,78,1.4776,0.380652,1.858252
11,66,1.260875,0.33730899999999997,1.5981839999999998
10,55,1.0327229999999998,0.267496,1.3002189999999998
9,45,0.777966,0.21408000000000002,0.9920460000000001
8,36,0.5815739999999999,0.187152,0.7687259999999999
7,28,0.452824,0.14124299999999998,0.594067
6,21,0.364828,0.11444,0.47926799999999997
5,15,0.26517799999999997,0.081136,0.34631399999999996
4,10,0.151066,0.059213999999999996,0.21028
3,6,0.102906,0.04863,0.151536
2,3,0.05724,0.031705000000000004,0.088945
1,1,0.025265999999999997,0.015913,0.04117899999999999
78,3081,135.469232,26.906935,162.376167
77,3003,133.890795,26.188742,160.079537
70,2485,104.729428,20.81331,125.542738
63,2016,72.30766,15.430053000000001,87.737713
58,1711,61.005771,13.669298,74.67506900000001
55,1540,53.593752,10.943105,64.536857
49,1225,40.513753,8.133054000000001,48.646807
47,1128,33.931352999999994,5.995844,39.92719699999999
43,946,26.721847999999998,4.666792,31.38864
39,780,19.92982,3.786529,23.716349
38,741,19.375911,3.6149530000000003,22.990864
37,703,18.34491,3.481016,21.825926
36,666,17.439742000000003,3.310548,20.750290000000003
34,595,14.332737999999999,5.313235000000001,19.645972999999998
33,561,13.411744,5.0276890000000005,18.439433
32,528,12.395141,4.710739,17.10588
31,496,12.004301,4.103527,16.107827999999998
30,465,11.223319,3.7172720000000004,14.940591000000001
29,435,10.863117,3.6160810000000003,14.479198
27,378,8.395208,2.756736,11.151944
26,351,7.757607,2.587711,10.345318
25,325,7.1136,2.2250400000000004,9.33864
24,300,6.439844,2.0189,8.458744
22,253,5.423855,1.624506,7.048361
20,210,4.627786,1.2504300000000002,5.878216
19,190,3.853123,1.0928000000000002,4.9459230000000005
18,171,3.3300460000000003,0.9341389999999999,4.264185
17,153,3.025045,0.809969,3.835014
16,136,2.7442539999999997,0.729525,3.4737789999999995
15,120,2.2034350000000003,0.6429969999999999,2.846432
14,105,1.884928,0.552523,2.437451
13,91,1.627704,0.448645,2.076349
12,78,1.396333,0.39749,1.7938230000000002
11,66,1.1458169999999999,0.33319000000000004,1.479007
10,55,0.902175,0.330139,1.232314
9,45,0.7859889999999999,0.227302,1.013291
8,36,0.663457,0.203706,0.8671629999999999
7,28,0.46449399999999996,0.161965,0.626459
6,21,0.352023,0.122812,0.474835
5,15,0.267273,0.127277,0.39454999999999996
4,10,0.152833,0.07074100000000001,0.223574
3,6,0.100629,0.054453999999999995,0.155083
2,3,0.056587,0.035932,0.09251899999999999
1,1,0.027548,0.02581,0.053358
34,595,13.352584,5.5077370000000005,18.860321
33,561,12.567495999999998,5.193607,17.761103
29,435,9.622786,3.629205,13.251991
27,378,8.473780999999999,2.659196,11.132976999999999
24,300,6.531314,1.921289,8.452603
23,276,5.444066,1.675832,7.119898
22,253,5.529007,1.527949,7.056956
20,210,4.179997,1.224572,5.404569
19,190,3.7761639999999996,1.076058,4.852221999999999
17,153,2.971534,0.826742,3.798276
16,136,2.730917,0.6973539999999999,3.4282709999999996
15,120,2.2420500000000003,0.63053,2.87258
14,105,2.0690280000000003,0.561456,2.630484
13,91,1.760357,0.49984499999999993,2.260202
12,78,1.508365,0.420157,1.928522
11,66,1.266842,0.368263,1.635105
10,55,1.6355169999999999,0.43731800000000004,2.072835
9,45,1.364393,0.347387,1.71178
8,36,1.018708,0.318532,1.33724
7,28,0.513765,0.15799100000000002,0.671756
6,21,0.400722,0.125466,0.526188
5,15,0.28268,0.106596,0.38927599999999996
4,10,0.17768,0.07829900000000001,0.255979
3,6,0.112927,0.060391,0.173318
2,3,0.05627,0.030009,0.086279
1,1,0.027538999999999998,0.017627,0.045166
12,78,1.498512,0.405306,1.903818
11,66,1.292571,0.34415599999999996,1.6367269999999998
10,55,1.0367709999999999,0.287176,1.323947
8,36,0.621142,0.195608,0.81675
7,28,0.49981699999999996,0.154299,0.6541159999999999
6,21,0.38376099999999996,0.12532,0.5090809999999999
5,15,0.262742,0.151862,0.414604
4,10,0.17638399999999999,0.076687,0.253071
3,6,0.100969,0.09462,0.195589
2,3,0.056922,0.034293,0.09121499999999999
1,1,0.024385,0.014961,0.039346
67,2278,88.247525,18.557666,106.805191
66,2211,79.74993099999999,17.474551,97.224482
60,1830,61.637857,12.638292,74.276149
52,1378,45.90426,9.007225,54.911485
49,1225,38.969622,8.007497,46.977119
47,1128,35.171357,7.355636,42.526993
45,1035,32.118043,6.735479,38.853522
42,903,27.596961,5.788389,33.38535
38,741,21.429654,4.556884,25.986538
37,703,22.084319,4.296363,26.380682
35,630,19.034794,3.162571,22.197365
34,595,16.720264,5.612308,22.332572
30,465,12.168251999999999,3.824726,15.992977999999999
29,435,11.377752,3.58456,14.962311999999999
28,406,10.736512,3.196207,13.932718999999999
26,351,8.896071000000001,2.5828040000000003,11.478875000000002
24,300,7.633542,2.094007,9.727549
23,276,7.021533,1.867538,8.889071
22,253,6.3997910000000005,1.653117,8.052908
21,231,5.721652,1.487622,7.209274
20,210,5.187144,1.344264,6.531408
19,190,4.356087,1.149712,5.505799
18,171,3.929836,1.055668,4.985504
17,153,3.527326,0.9218040000000001,4.44913
16,136,3.1546130000000003,0.770364,3.924977
15,120,2.7469740000000002,0.646565,3.393539
14,105,2.237467,0.584175,2.821642
13,91,1.896209,0.494849,2.391058
12,78,1.634649,0.447679,2.082328
11,66,1.373899,0.36225599999999997,1.736155
10,55,1.02227,0.30013700000000004,1.322407
9,45,0.885659,0.235405,1.121064
8,36,0.670071,0.192253,0.862324
7,28,0.5684410000000001,0.155332,0.7237730000000001
6,21,0.405416,0.12522999999999998,0.530646
5,15,0.25985400000000003,0.110941,0.37079500000000004
4,10,0.192064,0.07159499999999999,0.263659
3,6,0.117496,0.057006999999999995,0.174503
2,3,0.072419,0.036798000000000004,0.10921700000000001
1,1,0.033864,0.021285000000000002,0.055149000000000004
23,276,7.117104,1.9844340000000003,9.101538000000001
22,253,6.523003,1.749925,8.272928
21,231,5.946123,1.568427,7.51455
19,190,4.467315,1.1508079999999998,5.618123
17,153,3.597789,0.912384,4.510173
16,136,3.02032,0.757652,3.777972
13,91,1.965592,0.475089,2.440681
11,66,1.417182,0.355011,1.772193
10,55,1.200186,0.282171,1.482357
9,45,0.950639,0.23871699999999998,1.189356
8,36,0.7245360000000001,0.19125199999999998,0.915788
7,28,0.518138,0.146379,0.664517
6,21,0.424813,0.124695,0.549508
5,15,0.293044,0.13175599999999998,0.4248
4,10,0.171304,0.07574700000000001,0.24705100000000002
3,6,0.114131,0.075824,0.18995499999999998
2,3,0.060037,0.033344,0.09338099999999999
1,1,0.027069000000000003,0.016178,0.04324700000000001
45,1035,34.957771,7.205588,42.163359
44,990,28.997678,5.910824,34.908502
39,780,20.845372,4.379887,25.225259
35,630,17.949858,3.608352,21.55821
33,561,15.200192,5.126231,20.326423
30,465,12.157411,3.820054,15.977464999999999
28,406,10.720666,3.159094,13.87976
25,325,8.397552000000001,2.288408,10.685960000000001
23,276,6.986755,1.901303,8.888058
22,253,6.391164000000001,1.615341,8.006505
21,231,5.872414,1.496672,7.369086
19,190,4.498746,1.16337,5.662115999999999
18,171,3.9606310000000002,1.0170839999999999,4.977715
17,153,3.466466,0.9147190000000001,4.381185
16,136,3.1083450000000004,0.7827850000000001,3.8911300000000004
15,120,2.738105,0.678469,3.4165739999999998
14,105,2.448916,0.58282,3.031736
13,91,1.917626,0.49716899999999997,2.414795
12,78,1.6136220000000001,0.42326199999999997,2.036884
11,66,1.3265449999999999,0.357435,1.6839799999999998
10,55,1.118938,0.286576,1.405514
9,45,0.860456,0.241418,1.101874
8,36,0.64406,0.197997,0.8420569999999999
7,28,0.49715999999999994,0.148541,0.645701
6,21,0.396254,0.151037,0.547291
5,15,0.295518,0.14651399999999998,0.442032
4,10,0.198571,0.082447,0.281018
3,6,0.117339,0.072357,0.189696
2,3,0.067219,0.030625,0.097844
1,1,0.030574999999999998,0.018355,0.04893
1,1,0.03143,0.023776000000000002,0.055206000000000005
100,5050,298.60905199999996,52.226972,350.83602399999995
99,4950,385.659386,81.506897,467.16628299999996
87,3828,173.36033,33.313743,206.67407300000002
77,3003,155.344464,23.912772999999998,179.25723699999998
71,2556,92.775735,19.477092000000003,112.252827
69,2415,88.54150600000001,15.437688,103.979194
65,2145,71.04588700000001,15.301102,86.34698900000001
62,1953,62.621128999999996,12.042195,74.66332399999999
53,1431,45.948736,9.145235,55.093970999999996
49,1225,38.123993,6.338573,44.462565999999995
48,1176,36.056041,6.106063,42.162104
46,1081,30.614781,5.182256,35.797037
44,990,28.05038,4.642842,32.693222
41,861,24.055857,3.9622980000000005,28.018155
38,741,19.382847,3.283069,22.665916000000003
36,666,17.347960999999998,2.9745019999999998,20.322463
35,630,16.405884,2.731588,19.137472
34,595,14.112955999999999,4.929392,19.042347999999997
33,561,13.351865,4.585646,17.937511
32,528,12.56885,4.1472109999999995,16.716061
31,496,11.883484999999999,3.765857,15.649341999999999
30,465,10.951756999999999,3.419985,14.371742
28,406,9.41426,2.7934200000000002,12.20768
27,378,7.897325,2.279246,10.176571000000001
26,351,7.396701,2.049381,9.446082
25,325,6.761062,1.85285,8.613912
24,300,6.091214,1.730598,7.8218119999999995
23,276,5.283798999999999,1.4748809999999999,6.758679999999999
22,253,5.289537,1.4948080000000001,6.784345
21,231,4.720651,1.1980579999999998,5.918709
20,210,4.295686,1.0249460000000001,5.320632
19,190,3.8541589999999997,0.902487,4.756646
18,171,3.4385190000000003,0.8071470000000001,4.245666
17,153,3.08195,0.689494,3.771444
16,136,2.5890980000000003,0.617381,3.2064790000000003
15,120,2.229978,0.5495059999999999,2.779484
14,105,1.846925,0.453418,2.300343
13,91,1.570208,0.387511,1.957719
12,78,1.337433,0.373717,1.7111500000000002
11,66,1.010419,0.278342,1.288761
10,55,0.941722,0.21331599999999998,1.155038
9,45,0.713176,0.18051,0.893686
8,36,0.563311,0.140574,0.703885
7,28,0.460506,0.123333,0.583839
6,21,0.311862,0.087766,0.399628
5,15,0.223453,0.072303,0.295756
4,10,0.151709,0.046275,0.197984
3,6,0.08922799999999999,0.036276,0.125504
2,3,0.054831,0.024366,0.07919699999999999
1,1,0.021154000000000003,0.011169,0.032323000000000005
56,1596,55.568776,11.130006,66.698782
55,1540,53.21574,10.701782999999999,63.917522999999996
50,1275,40.131794,8.150149,48.281943
43,946,39.539864,10.9581,50.497964
42,903,26.451797,5.577628000000001,32.029425
40,820,23.375807,4.971215,28.347022
39,780,22.317974,4.724524,27.042498
37,703,19.979021,4.2288689999999995,24.20789
33,561,14.495035,5.154275,19.64931
32,528,13.848526999999999,4.618379,18.466905999999998
30,465,12.08136,3.836919,15.918279
29,435,11.889645000000002,3.3546679999999998,15.244313000000002
28,406,10.073146,3.1795619999999998,13.252707999999998
27,378,9.796255,2.779007,12.575262
26,351,9.029801,2.593004,11.622805000000001
25,325,8.265797000000001,2.332793,10.598590000000002
24,300,7.6482779999999995,2.087437,9.735714999999999
21,231,5.835383,1.480296,7.315679
20,210,5.273436,1.295738,6.569174
19,190,4.684234,1.156332,5.840566
18,171,3.95909,1.0222600000000002,4.981350000000001
17,153,3.535601,0.876634,4.412235
15,120,2.7714369999999997,0.6580400000000001,3.429477
14,105,2.268484,0.609124,2.877608
13,91,1.91533,0.49075599999999997,2.406086
12,78,1.6610909999999999,0.43285399999999996,2.0939449999999997
11,66,1.422072,0.355613,1.777685
10,55,1.069796,0.30336399999999997,1.37316
9,45,0.879095,0.25293499999999997,1.1320299999999999
8,36,0.701788,0.206789,0.908577
7,28,0.5167229999999999,0.16287100000000002,0.6795939999999999
6,21,0.396711,0.126892,0.523603
5,15,0.28994,0.10173299999999999,0.39167299999999994
4,10,0.19349300000000003,0.073478,0.266971
3,6,0.11837400000000001,0.060265,0.178639
2,3,0.070517,0.036753,0.10727
1,1,0.030834000000000004,0.019758,0.050592000000000005
89,4005,202.01512699999998,39.143081,241.15820799999997
88,3916,196.54813700000003,36.437283,232.98542000000003
79,3160,144.654915,26.953738,171.608653
67,2278,79.650282,16.893928,96.54421
62,1953,77.146399,14.10192,91.24831900000001
60,1830,60.69641,12.635705,73.332115
57,1653,50.049627,9.533158,59.582785
51,1326,42.33369,7.2519919999999995,49.585682
46,1081,31.601763999999996,5.348413,36.950177
42,903,26.396635000000003,4.3758989999999995,30.772534000000004
40,820,22.832565,3.7288780000000004,26.561443
39,780,22.001512,3.522022,25.523534
37,703,19.729111,3.074318,22.803429
34,595,15.397681,4.981654000000001,20.379335
32,528,13.506673000000001,4.254357000000001,17.76103
30,465,11.670473000000001,3.499743,15.170216000000002
29,435,10.314031,3.139776,13.453807
28,406,9.549006,2.889535,12.438541
27,378,8.708108000000001,2.594727,11.302835000000002
26,351,8.184277,2.2924759999999997,10.476752999999999
25,325,7.673756,2.453475,10.127231
24,300,6.970988,1.8725390000000002,8.843527
23,276,6.390019000000001,1.65939,8.049409
22,253,5.815557,1.51082,7.326377
21,231,5.161727,1.310074,6.471801
20,210,5.155313,1.2905760000000002,6.445888999999999
19,190,4.216003000000001,0.968635,5.1846380000000005
18,171,3.811171,0.864841,4.676012
17,153,3.423282,0.81145,4.234732
16,136,3.0255210000000003,0.70337,3.7288910000000004
15,120,2.487598,0.586191,3.073789
14,105,2.207725,0.50079,2.708515
13,91,1.6711429999999998,0.431327,2.10247
12,78,1.4850480000000001,0.35747399999999996,1.8425220000000002
11,66,1.124371,0.327675,1.452046
10,55,1.046388,0.280222,1.32661
9,45,0.761478,0.202484,0.963962
8,36,0.625424,0.16273700000000002,0.788161
7,28,0.513399,0.12783599999999998,0.641235
6,21,0.36480399999999996,0.095941,0.46074499999999996
5,15,0.22830499999999998,0.086607,0.31491199999999997
4,10,0.14838300000000001,0.051832,0.20021500000000003
3,6,0.119076,0.047299999999999995,0.166376
2,3,0.058485,0.02912,0.087605
1,1,0.022398,0.01354,0.035938
78,3081,140.163442,26.487778,166.65122
77,3003,118.41244900000001,25.264646000000003,143.677095
67,2278,89.324104,17.247325,106.57142900000001
59,1770,57.726326,12.371158,70.097484
55,1540,48.800269,11.007359,59.807628
53,1431,48.682278000000004,9.999429000000001,58.681707
50,1275,43.579226,8.573936000000002,52.153162
46,1081,34.498437,7.282928999999999,41.781366000000006
41,861,24.346227000000003,4.6015120000000005,28.947739000000002
38,741,22.452233,3.6943319999999997,26.146565
35,630,18.983188000000002,3.0602009999999997,22.043389
33,561,16.112862,5.142236,21.255098
31,496,14.045198,4.195651,18.240848999999997
30,465,12.446409000000001,4.013776,16.460185000000003
27,378,10.009411,2.837889,12.8473
25,325,8.318563,2.3473029999999997,10.665866
24,300,7.61897,2.1417450000000002,9.760715000000001
23,276,7.040338,1.876162,8.916500000000001
22,253,6.330107,1.7144700000000002,8.044577
21,231,5.843235,1.489107,7.332342
20,210,5.262425,1.309502,6.5719270000000005
19,190,4.810534,1.189909,6.000443
18,171,4.2942409999999995,1.028512,5.322753
17,153,3.86239,0.886351,4.748741
16,136,3.430571,0.778788,4.209359
15,120,2.777743,0.6637630000000001,3.4415060000000004
14,105,2.405228,0.5813590000000001,2.986587
13,91,2.0980920000000003,0.527007,2.6250990000000005
12,78,1.6563070000000002,0.43138600000000005,2.0876930000000002
11,66,1.385271,0.367832,1.7531029999999999
10,55,1.0812,0.304997,1.386197
9,45,0.887931,0.23918999999999999,1.127121
8,36,0.702392,0.19988,0.902272
7,28,0.521702,0.161473,0.683175
6,21,0.37919,0.126372,0.5055620000000001
5,15,0.269335,0.091513,0.360848
4,10,0.19676000000000002,0.066903,0.26366300000000004
3,6,0.111402,0.056153,0.167555
2,3,0.065194,0.033902,0.099096
1,1,0.025655999999999998,0.016777,0.042433
34,595,13.984229000000001,5.246955,19.231184
33,561,14.117337000000001,4.6955540000000004,18.812891
31,496,11.90958,3.792279,15.701859
29,435,10.771594,3.203449,13.975043
25,325,7.828849000000001,3.077058,10.905907000000001
24,300,7.256036000000001,1.9033559999999998,9.159392
21,231,5.078003,1.41808,6.496083
18,171,3.697485,0.94648,4.643965
16,136,2.994015,0.720552,3.714567
15,120,2.620761,0.623057,3.243818
14,105,2.0680780000000003,0.52154,2.589618
13,91,1.8040809999999998,0.47918299999999997,2.283264
12,78,1.640697,0.428737,2.069434
11,66,1.392798,0.37746399999999997,1.770262
10,55,1.0300509999999998,0.3004,1.3304509999999998
9,45,0.957387,0.24538099999999996,1.2027679999999998
8,36,0.7025170000000001,0.207116,0.909633
7,28,0.5582280000000001,0.15251699999999999,0.7107450000000001
6,21,0.39658899999999997,0.127737,0.524326
5,15,0.293591,0.120722,0.414313
4,10,0.18581899999999998,0.07569000000000001,0.261509
3,6,0.113675,0.067914,0.181589
2,3,0.067645,0.032827999999999996,0.10047299999999999
1,1,0.027671,0.016837,0.044508000000000006
12,78,1.537889,0.429993,1.9678820000000001
11,66,1.280802,0.365521,1.646323
10,55,1.160539,0.32178799999999996,1.482327
9,45,0.700567,0.176222,0.876789
8,36,0.58713,0.17731999999999998,0.7644500000000001
7,28,0.427627,0.117984,0.545611
6,21,0.32119800000000004,0.095461,0.41665900000000006
5,15,0.24368,0.150626,0.39430600000000005
4,10,0.1727,0.07056,0.24325999999999998
3,6,0.11353099999999999,0.09900400000000001,0.212535
2,3,0.060197,0.037232,0.097429
1,1,0.025557,0.017782,0.043339
67,2278,90.764722,18.912633000000003,109.677355
66,2211,150.643148,27.436406,178.079554
61,1891,68.482716,15.314725,83.79744099999999
53,1431,42.832738,10.411579000000001,53.244317
44,990,31.591221000000004,6.69396,38.285181
42,903,26.143666,6.0078,32.151466
39,780,22.544549,4.261285,26.805834
37,703,18.947004,3.623106,22.57011
35,630,16.93171,3.178496,20.110205999999998
32,528,13.006537,4.962438,17.968975
30,465,11.224957,4.026048,15.251005
29,435,10.529577999999999,3.596237,14.125815
28,406,9.786487,3.265955,13.052442
27,378,8.972847000000002,2.9936920000000002,11.966539000000001
25,325,7.6897079999999995,2.3890759999999998,10.078783999999999
23,276,6.5109319999999995,1.9500769999999998,8.461008999999999
20,210,4.473164,1.35429,5.8274539999999995
19,190,4.029627,1.229115,5.258742
18,171,3.714412,1.048551,4.762963
17,153,3.280231,0.945488,4.225719
15,120,2.385348,0.687063,3.072411
14,105,2.06752,0.568762,2.636282
12,78,1.501595,0.431863,1.933458
11,66,1.285526,0.36551,1.651036
10,55,1.060945,0.30141500000000004,1.36236
8,36,0.6450060000000001,0.20025500000000002,0.845261
7,28,0.528648,0.174537,0.703185
6,21,0.36672899999999997,0.13353900000000002,0.5002679999999999
5,15,0.27276900000000004,0.099953,0.37272200000000005
4,10,0.19322799999999998,0.076184,0.269412
3,6,0.11090900000000001,0.054854,0.165763
2,3,0.063932,0.034605,0.098537
1,1,0.028730000000000002,0.015241000000000001,0.043971
23,276,6.941648,1.9811020000000001,8.92275
22,253,6.333473,1.754749,8.088222
20,210,5.233648,1.4654880000000001,6.699135999999999
19,190,4.629744,1.327562,5.957305999999999
18,171,3.726427,1.0497779999999999,4.776205
17,153,3.22047,0.887659,4.108129
16,136,2.868868,0.775421,3.644289
15,120,2.499205,0.6767089999999999,3.1759139999999997
14,105,2.491837,0.635308,3.1271449999999996
13,91,1.616043,0.6172839999999999,2.233327
12,78,1.3477579999999998,0.327153,1.6749109999999998
10,55,0.884661,0.222688,1.1073490000000001
9,45,0.6954790000000001,0.185547,0.8810260000000001
8,36,0.544353,0.160126,0.704479
6,21,0.31595,0.09871400000000001,0.41466400000000003
5,15,0.234249,0.12757,0.361819
4,10,0.15610600000000002,0.06745,0.22355600000000003
3,6,0.095799,0.083759,0.179558
2,3,0.050825999999999996,0.033764999999999996,0.084591
1,1,0.025375,0.016808,0.042183
45,1035,32.763738000000004,7.171384000000001,39.93512200000001
44,990,29.314847,6.361325,35.676172
41,861,25.52656,5.430568999999999,30.957129
34,595,14.691743,5.990233,20.681976
29,435,10.476832,3.651192,14.128024
28,406,9.383367999999999,3.159528,12.542895999999999
25,325,7.1884310000000005,2.232543,9.420974000000001
24,300,8.643006,3.451812,12.094818
22,253,5.700465,1.7273180000000001,7.427783000000001
21,231,5.335302,1.507516,6.842818
20,210,4.876301000000001,1.352814,6.229115
18,171,3.630726,1.042622,4.673348
17,153,3.201385,0.907695,4.1090800000000005
14,105,2.227386,0.58888,2.816266
12,78,1.5146929999999998,0.421743,1.9364359999999998
11,66,1.265436,0.356265,1.621701
10,55,1.031261,0.287731,1.318992
9,45,0.879742,0.234175,1.113917
8,36,0.634819,0.21279900000000002,0.847618
7,28,0.525992,0.154362,0.680354
6,21,0.346777,0.12168999999999999,0.46846699999999997
5,15,0.261885,0.12742699999999998,0.389312
4,10,0.195875,0.073689,0.269564
3,6,0.101548,0.06532199999999999,0.16687
2,3,0.063977,0.036461,0.100438
1,1,0.030319,0.024815,0.055134
1,1,0.031398,0.024227000000000002,0.05562500000000001
100,5050,354.270447,53.874729,408.145176
98,4851,348.368151,52.175461,400.543612
88,3916,194.83693399999999,37.320305999999995,232.15723999999997
77,3003,128.135626,24.098324,152.23395
67,2278,101.619101,16.215256,117.834357
60,1830,59.280698,11.496957,70.777655
58,1711,54.790321000000006,10.475779,65.26610000000001
53,1431,45.206877,8.210824,53.417701
51,1326,37.380956,7.929403999999999,45.310359999999996
48,1176,36.498914,6.372606,42.87152
45,1035,28.027424,5.333696,33.36112
43,946,25.317789,4.882985000000001,30.200774000000003
42,903,23.338103999999998,4.400130000000001,27.738234
41,861,22.216039,4.13916,26.355199
40,820,21.181856,3.864106,25.045962
39,780,18.803803000000002,4.4687269999999994,23.272530000000003
37,703,16.817062,3.219994,20.037056
34,595,12.797457999999999,5.035719,17.833177
33,561,12.229508,4.632187,16.861694999999997
32,528,11.367792,4.240463,15.608255
31,496,10.523102,3.857254,14.380355999999999
29,435,8.578723,3.1993199999999997,11.778043
28,406,8.539728,2.868813,11.408541
25,325,5.884101,1.990294,7.874395
24,300,5.3947270000000005,1.759779,7.1545060000000005
23,276,4.9166360000000005,1.5577320000000001,6.474368
22,253,4.585815,1.3790740000000001,5.964889
19,190,3.347459,0.934156,4.281615
18,171,2.935553,0.8423630000000001,3.7779160000000003
17,153,2.603516,0.698855,3.302371
16,136,2.312263,0.620633,2.9328960000000004
15,120,2.035793,0.5151129999999999,2.550906
14,105,1.6539409999999999,0.46071399999999996,2.114655
13,91,1.4285619999999999,0.39032100000000003,1.818883
12,78,1.215203,0.313363,1.528566
11,66,1.030287,0.261672,1.2919589999999999
10,55,0.858906,0.231645,1.090551
9,45,0.652502,0.18322,0.8357220000000001
8,36,0.5188830000000001,0.152399,0.6712820000000002
7,28,0.40804799999999997,0.112788,0.520836
6,21,0.32236899999999996,0.087003,0.40937199999999996
5,15,0.22761900000000002,0.068635,0.296254
4,10,0.164008,0.045537,0.20954499999999998
3,6,0.09087100000000001,0.032201,0.12307200000000001
2,3,0.058753,0.019936,0.078689
1,1,0.021716,0.011013,0.032729
56,1596,51.472797,11.521626999999999,62.994423999999995
55,1540,51.349793,11.175275000000001,62.525068
51,1326,49.029161,9.156974,58.186135
44,990,31.942031000000004,6.2032099999999994,38.145241000000006
36,666,18.721519999999998,3.8057849999999998,22.527305
35,630,17.529684,3.089395,20.619079
32,528,13.191845,4.9067,18.098545
31,496,12.3255,4.470983,16.796483000000002
30,465,11.256908,3.9430079999999994,15.199915999999998
28,406,9.972636999999999,3.289797,13.262433999999999
27,378,9.200248,3.036537,12.236785000000001
26,351,8.356081,2.6685709999999996,11.024652
24,300,7.205056,2.170397,9.375453
21,231,5.382637,1.522623,6.90526
19,190,4.149448,1.201098,5.350546
16,136,2.9484500000000002,0.8109569999999999,3.7594070000000004
15,120,2.5622879999999997,0.680244,3.2425319999999997
14,105,2.098926,0.5698489999999999,2.668775
13,91,1.772356,0.512365,2.2847210000000002
12,78,1.510099,0.43168900000000004,1.941788
11,66,1.282229,0.354185,1.636414
9,45,0.831238,0.265976,1.0972140000000001
8,36,0.652236,0.211143,0.863379
7,28,0.7250639999999999,0.219107,0.9441709999999999
6,21,0.523678,0.167792,0.69147
5,15,0.273202,0.114676,0.387878
4,10,0.189259,0.093892,0.28315100000000004
3,6,0.11196199999999999,0.085533,0.19749499999999998
2,3,0.063513,0.034944,0.098457
1,1,0.050332,0.03193,0.082262
89,4005,208.268093,39.855488,248.123581
88,3916,217.77434300000002,37.979208,255.75355100000002
81,3321,157.749613,30.7553,188.50491300000002
71,2556,100.223061,21.07215,121.295211
64,2080,79.650061,17.299102,96.949163
58,1711,62.247886,13.395323000000001,75.643209
54,1485,47.676705,9.778402999999999,57.455107999999996
51,1326,41.576094,8.058572,49.634665999999996
48,1176,34.33008,6.795972,41.126052
43,946,27.220623999999997,5.1139339999999995,32.334557999999994
42,903,26.318602,5.02202,31.340622
41,861,24.497023,5.490775,29.987797999999998
40,820,22.184527,4.154407,26.338934
39,780,20.215542,3.9936169999999995,24.209159
38,741,19.029647999999998,3.605437,22.635084999999997
37,703,17.867765000000002,3.404117,21.271882
35,630,15.825953,2.939742,18.765695
32,528,12.010952,4.505783999999999,16.516735999999998
31,496,10.439475999999999,4.148524,14.588
30,465,9.744705,3.707938,13.452643
29,435,9.159428,3.3986,12.558028
28,406,9.002804,3.1357880000000002,12.138592
27,378,7.662419,2.770896,10.433315
24,300,6.075812,2.033309,8.109121
23,276,5.463827,1.779474,7.243301000000001
22,253,5.005927000000001,1.571298,6.577225
21,231,4.490623,1.4149010000000002,5.905524000000001
20,210,4.105726,1.2535020000000001,5.359228
17,153,2.999601,0.841002,3.840603
16,136,2.699342,0.732232,3.4315740000000003
15,120,2.319335,0.622966,2.942301
14,105,1.9032859999999998,0.580565,2.4838509999999996
13,91,1.648142,0.443164,2.091306
12,78,1.39511,0.39687,1.7919800000000001
11,66,1.2026350000000001,0.340786,1.5434210000000002
10,55,0.9854320000000001,0.28224499999999997,1.267677
9,45,0.7601049999999999,0.220987,0.9810919999999999
8,36,0.5992970000000001,0.18265299999999998,0.78195
7,28,0.46217699999999995,0.151722,0.613899
6,21,0.352322,0.155433,0.507755
5,15,0.260828,0.13531900000000002,0.396147
4,10,0.17858500000000002,0.076103,0.254688
3,6,0.10155399999999999,0.0832,0.18475399999999997
2,3,0.054149,0.033906,0.088055
1,1,0.02339,0.014417,0.037807
78,3081,137.021166,27.28498,164.30614599999998
77,3003,131.23286000000002,26.435920000000003,157.66878000000003
71,2556,100.93275799999999,21.59588,122.528638
63,2016,78.306659,16.557569,94.864228
55,1540,50.904857,11.965635,62.870492
51,1326,39.931999000000005,8.493260000000001,48.425259000000004
48,1176,35.830117,8.304212,44.134329
45,1035,32.81422,7.004229,39.818449
44,990,31.047944,5.608208,36.656152
38,741,19.983897,4.0422,24.026097
37,703,19.162656,3.686376,22.849031999999998
36,666,17.847669,3.3938610000000002,21.24153
35,630,16.646801,3.192632,19.839433
34,595,14.798202999999999,5.806094000000001,20.604297
32,528,13.249906000000001,4.881318,18.131224000000003
29,435,10.575512999999999,3.616444,14.191956999999999
28,406,9.682191999999999,3.287067,12.969259
27,378,9.042243000000001,2.9733870000000002,12.015630000000002
26,351,8.366448,2.754908,11.121356
25,325,7.6327799999999995,2.419549,10.052329
23,276,6.029046,1.9191340000000001,7.948180000000001
22,253,5.8680829999999995,1.7062430000000002,7.574325999999999
20,210,4.519559999999999,1.384321,5.903880999999999
19,190,4.072416,1.213429,5.285845
18,171,3.575828,1.0301259999999999,4.605954
17,153,3.1889119999999997,0.905349,4.0942609999999995
14,105,2.069391,0.578333,2.647724
13,91,1.807177,0.49488600000000005,2.302063
12,78,1.455549,0.424789,1.880338
11,66,1.209296,0.34956400000000004,1.55886
10,55,1.071397,0.290327,1.361724
9,45,0.80547,0.232899,1.038369
8,36,0.643307,0.19262700000000002,0.835934
7,28,0.52075,0.163636,0.684386
6,21,0.370168,0.121858,0.49202599999999996
5,15,0.26871799999999996,0.097741,0.366459
4,10,0.19164799999999999,0.074397,0.266045
3,6,0.109997,0.058688,0.168685
2,3,0.060841,0.032147999999999996,0.09298899999999999
1,1,0.026503,0.01568,0.042183
34,595,16.03604,6.622413,22.658453
33,561,13.274305,4.798274,18.072579
29,435,10.111389,3.212781,13.32417
26,351,8.060885,2.852591,10.913476000000001
24,300,6.735277,2.1353779999999998,8.870655
23,276,6.42126,1.8505889999999998,8.271849
21,231,5.221432,1.5095919999999998,6.731024
19,190,3.8429710000000004,1.111715,4.954686000000001
18,171,4.454273,0.961943,5.4162159999999995
17,153,3.466552,0.957299,4.423851
16,136,3.034663,0.812801,3.847464
14,105,2.284398,0.619706,2.904104
13,91,1.849734,0.484286,2.3340199999999998
12,78,1.5591629999999999,0.431964,1.9911269999999999
11,66,1.293647,0.364126,1.657773
10,55,1.081893,0.295316,1.3772090000000001
9,45,0.81925,0.23933400000000002,1.058584
8,36,0.6685989999999999,0.217725,0.8863239999999999
7,28,0.519136,0.165349,0.684485
6,21,0.368712,0.124265,0.492977
5,15,0.267274,0.170077,0.43735100000000005
4,10,0.198934,0.08384,0.28277399999999997
3,6,0.105301,0.06321800000000001,0.16851900000000003
2,3,0.061135,0.035635,0.09677
1,1,0.029365000000000002,0.016925000000000003,0.046290000000000005
12,78,1.590051,0.476452,2.066503
11,66,1.367469,0.391555,1.7590240000000001
10,55,1.084251,0.304097,1.3883480000000001
8,36,0.656958,0.217748,0.874706
7,28,0.532637,0.150479,0.6831160000000001
6,21,0.418116,0.127403,0.545519
5,15,0.24594100000000002,0.129161,0.37510200000000005
4,10,0.175585,0.058063000000000003,0.233648
3,6,0.098205,0.08247600000000001,0.180681
2,3,0.059053,0.028513,0.087566
1,1,0.029915,0.018285,0.0482
67,2278,83.012586,18.510608,101.523194
65,2145,83.314578,17.017439,100.332017
56,1596,57.539592,11.223652000000001,68.763244
44,990,29.367307,6.339825,35.707132
42,903,25.837961999999997,5.141548,30.979509999999998
39,780,22.118624,4.256175,26.374799
35,630,18.196108,3.16104,21.357148
33,561,15.140718,5.983734999999999,21.124453
32,528,13.325049,4.935713000000001,18.260762
31,496,12.208832,4.47723,16.686062
29,435,10.67703,3.691021,14.368051000000001
27,378,9.110241,3.033231,12.143472
26,351,8.344739,2.6905829999999997,11.035322
25,325,7.534923,2.401641,9.936564
24,300,6.947878,2.200136,9.148014
23,276,6.420385,1.951108,8.371493
21,231,5.296176,1.5386639999999998,6.83484
19,190,4.251416,1.217625,5.469041
17,153,3.2070559999999997,0.948397,4.155453
16,136,3.122913,0.7743169999999999,3.89723
15,120,2.728598,0.691125,3.419723
14,105,2.361904,0.616586,2.97849
13,91,1.894141,0.500959,2.3951000000000002
12,78,1.661922,0.443797,2.1057189999999997
11,66,1.354849,0.384151,1.7389999999999999
10,55,1.020271,0.296905,1.317176
9,45,0.890994,0.23973,1.1307239999999998
8,36,0.708372,0.20801899999999998,0.916391
7,28,0.5277609999999999,0.162972,0.6907329999999999
6,21,0.395189,0.133603,0.528792
5,15,0.286884,0.106286,0.39316999999999996
4,10,0.216475,0.071671,0.288146
3,6,0.114088,0.058966,0.17305399999999999
2,3,0.06618,0.037273,0.103453
1,1,0.027804,0.020616,0.04842
23,276,6.6234589999999995,2.026472,8.649930999999999
22,253,6.072202,1.7435619999999998,7.815764
19,190,4.499705,1.1972809999999998,5.696985999999999
18,171,3.814353,1.092463,4.906816
16,136,2.828738,0.787996,3.616734
15,120,2.4612760000000002,0.6492709999999999,3.1105470000000004
14,105,2.149987,0.5795159999999999,2.729503
12,78,1.592308,0.438552,2.03086
11,66,1.355768,0.367449,1.723217
10,55,1.044513,0.290968,1.3354810000000001
9,45,0.881999,0.241147,1.123146
8,36,0.772791,0.211759,0.98455
7,28,0.522191,0.155778,0.6779689999999999
6,21,0.40733199999999997,0.132812,0.540144
5,15,0.283805,0.157718,0.441523
4,10,0.210724,0.07947699999999999,0.290201
3,6,0.113033,0.097151,0.21018399999999998
2,3,0.061375,0.033926,0.095301
1,1,0.027787,0.018385000000000002,0.046172000000000005
45,1035,32.247728,6.736504,38.984232000000006
44,990,32.975707,6.442089,39.417796
38,741,22.378898,4.844289,27.223187
30,465,16.770023,7.017017,23.787039999999998
27,378,9.599658,3.060156,12.659814
26,351,8.421097000000001,2.673095,11.094192000000001
24,300,6.945304,2.293943,9.239247
22,253,5.830099,1.691906,7.522005
21,231,5.038973,1.473726,6.5126990000000005
20,210,4.590943,1.2871169999999998,5.87806
19,190,4.095509,1.149043,5.244552
18,171,3.738216,0.9926670000000001,4.730883
17,153,3.432217,0.910515,4.342732
16,136,3.0951310000000003,0.803316,3.8984470000000004
14,105,2.1702510000000004,0.605271,2.7755220000000005
12,78,1.6198860000000002,0.423232,2.043118
11,66,1.380042,0.36440399999999995,1.744446
10,55,1.123752,0.295985,1.419737
9,45,0.875934,0.24024600000000002,1.11618
8,36,0.670775,0.203462,0.874237
7,28,0.557938,0.175042,0.7329800000000001
6,21,0.426847,0.12391200000000001,0.550759
5,15,0.296757,0.109841,0.406598
4,10,0.19731600000000002,0.087932,0.285248
3,6,0.115565,0.082174,0.197739
2,3,0.059720999999999996,0.033411,0.09313199999999999
1,1,0.026899000000000003,0.019023,0.045922000000000004
1,1,0.035683,0.026428,0.062111
100,5050,479.064151,53.839859,532.90401
99,4950,370.091386,51.063852,421.155238
89,4005,199.757307,37.332427,237.089734
78,3081,140.39522,26.271491,166.666711
69,2415,91.068838,19.323395,110.392233
64,2080,94.541895,13.490905,108.0328
58,1711,61.017634,10.922815,71.940449
52,1378,42.375119000000005,7.908043,50.283162000000004
51,1326,38.576256,7.353421,45.929677
50,1275,37.584113,6.596772,44.180885
45,1035,28.400837000000003,5.034561,33.435398000000006
43,946,25.747893,4.5126,30.260493
40,820,20.721517,3.768936,24.490453
37,703,18.556627,3.029258,21.585884999999998
36,666,17.568811,2.924622,20.493433
31,496,10.957742,4.039646,14.997388
30,465,10.108367999999999,3.648723,13.757090999999999
29,435,9.389711,3.298737,12.688448000000001
28,406,8.481178,2.958591,11.439769
27,378,7.761195,2.599624,10.360819
25,325,6.886514,2.124577,9.011091
23,276,5.899698,1.720987,7.620685
22,253,5.420264,1.60943,7.029694
21,231,4.994167,1.357466,6.351633
20,210,4.401058,1.191042,5.5921
19,190,3.9846940000000006,1.125708,5.1104020000000006
18,171,3.5218559999999997,0.918069,4.439925
17,153,3.1267840000000002,0.8110539999999999,3.937838
16,136,2.707145,0.697835,3.40498
15,120,2.389613,0.6127180000000001,3.0023310000000003
13,91,1.673224,0.425799,2.099023
12,78,1.407003,0.364344,1.771347
11,66,1.1139,0.314124,1.428024
10,55,0.924059,0.26772,1.191779
9,45,0.7602140000000001,0.198653,0.958867
8,36,0.5509510000000001,0.15958899999999998,0.7105400000000001
7,28,0.441883,0.120587,0.56247
6,21,0.340955,1.4226239999999999,1.763579
5,15,0.250484,0.075274,0.325758
4,10,0.167457,0.049561,0.217018
3,6,0.09623899999999999,0.048758,0.144997
2,3,0.049607,0.027562,0.077169
1,1,0.02101,0.011136,0.032146
56,1596,52.297587,11.829127,64.12671399999999
55,1540,44.186569,9.839917,54.026486
49,1225,37.700227000000005,7.979434,45.679661
38,741,19.710874,4.297398,24.008272
35,630,15.662942,3.483749,19.146691
33,561,13.046069000000001,5.590638,18.636707
31,496,11.518036,4.616637,16.134673
29,435,10.478825,3.69155,14.170375
28,406,9.899784,3.290724,13.190508000000001
26,351,8.511738,3.10006,11.611798
24,300,7.065659,2.29815,9.363809
23,276,6.504338,1.893535,8.397873
22,253,5.803369,1.727963,7.531332
21,231,5.324545,1.515996,6.840541
20,210,4.770926,1.335616,6.106542
18,171,3.58437,1.0895110000000001,4.673881
17,153,3.0884139999999998,0.875219,3.9636329999999997
15,120,2.453216,0.641714,3.0949299999999997
14,105,2.149334,0.5510849999999999,2.700419
13,91,1.8650419999999999,0.479841,2.344883
12,78,1.584443,0.40429099999999996,1.988734
11,66,1.282409,0.34361800000000003,1.626027
10,55,1.032884,0.279842,1.3127259999999998
9,45,0.867016,0.233553,1.1005690000000001
8,36,0.676472,0.20124699999999998,0.8777189999999999
7,28,0.504473,0.152247,0.65672
6,21,0.385021,0.12496299999999999,0.509984
5,15,0.275791,0.115055,0.390846
4,10,0.196012,0.083162,0.279174
3,6,0.117824,0.066531,0.184355
2,3,0.061461,0.037427,0.098888
1,1,0.028766,0.020728,0.049493999999999996
89,4005,310.170243,62.833555,373.003798
88,3916,194.445325,38.649046999999996,233.094372
78,3081,141.775094,26.566043,168.341137
68,2346,113.276352,18.548723,131.825075
61,1891,69.812818,12.656215999999999,82.469034
57,1653,63.943481,11.491321000000001,75.434802
52,1378,40.754847,8.275316,49.030163
47,1128,32.111487000000004,6.132916000000001,38.244403000000005
46,1081,29.725504,5.824246,35.54975
45,1035,28.947832,5.520976,34.468807999999996
41,861,23.378420000000002,4.386204,27.764624
39,780,21.499983,3.877971,25.377954
36,666,17.94971,3.151481,21.101191
34,595,13.85221,5.452919,19.305129
33,561,13.093772,4.95078,18.044552
31,496,11.057206,4.179178,15.236384000000001
30,465,10.33564,3.766516,14.102156
29,435,9.593828,3.3607110000000002,12.954539
28,406,9.010983,3.037184,12.048167
27,378,8.252424,2.775853,11.028277
25,325,7.062311,2.323479,9.38579
24,300,6.458971,2.096044,8.555015000000001
23,276,6.068792,1.789423,7.858215
22,253,5.577111,1.6754719999999999,7.2525830000000004
21,231,5.094233999999999,1.407151,6.501384999999999
20,210,4.572053,1.270804,5.842857
19,190,4.08885,1.100563,5.189413
18,171,3.489839,0.974106,4.463945
17,153,3.101599,0.818571,3.92017
16,136,2.763697,0.706268,3.469965
15,120,2.41166,0.621936,3.033596
14,105,1.9556270000000002,0.524225,2.479852
13,91,1.705697,0.44156799999999996,2.147265
12,78,1.458222,0.37965,1.837872
11,66,1.1566370000000001,0.311902,1.4685390000000003
10,55,0.9546020000000001,0.256842,1.2114440000000002
9,45,0.761349,0.204616,0.9659650000000001
8,36,0.576284,0.172041,0.748325
7,28,0.458057,0.13264,0.590697
6,21,0.354199,0.113472,0.467671
5,15,0.257287,0.079274,0.336561
4,10,0.154195,0.054716999999999995,0.208912
3,6,0.099423,0.04187,0.141293
2,3,0.057446,0.030108,0.08755399999999999
1,1,0.025232,0.015632,0.040864
78,3081,123.640163,28.316601,151.956764
76,2926,136.15079599999999,26.003756,162.154552
67,2278,84.10519,18.114577999999998,102.21976799999999
56,1596,59.026861,11.246755,70.273616
51,1326,40.821016,8.110812000000001,48.931828
48,1176,35.116624,7.6472880000000005,42.763912000000005
43,946,27.596392,5.4284110000000005,33.024803000000006
40,820,24.141784,4.45496,28.596744
39,780,23.114295,4.1545499999999995,27.268845
38,741,21.514297000000003,3.9536759999999997,25.467973
36,666,19.263548,3.4012890000000002,22.664837
33,561,14.069537,5.480462,19.549999
32,528,13.219406,4.950584,18.16999
31,496,11.90789,4.423939,16.331829
29,435,10.292063,3.673227,13.96529
28,406,9.582067,3.266295,12.848362
26,351,8.226433,2.670384,10.896817
25,325,7.557993,2.383499,9.941492
24,300,7.00561,2.261961,9.267571
22,253,5.765687000000001,1.809548,7.575235000000001
21,231,5.262247,1.502794,6.765041
20,210,4.7601249999999995,1.3829129999999998,6.143037999999999
18,171,3.869777,1.0411789999999999,4.910956
17,153,3.459377,0.939383,4.39876
16,136,3.075898,0.789634,3.865532
15,120,2.5477529999999997,0.686261,3.2340139999999997
14,105,2.135372,0.551848,2.68722
13,91,1.84484,0.46998199999999996,2.314822
12,78,1.5039669999999998,0.414272,1.9182389999999998
11,66,1.243498,0.341092,1.58459
10,55,1.0086330000000001,0.316106,1.324739
9,45,0.815014,0.217345,1.032359
8,36,0.622507,0.180911,0.803418
7,28,0.466124,0.14906000000000003,0.615184
5,15,0.2763,0.092693,0.368993
4,10,0.202006,0.0748,0.276806
3,6,0.104759,0.050879,0.155638
2,3,0.057668,0.033264,0.090932
1,1,0.028352,0.014639,0.042991
34,595,16.409298,7.220152,23.62945
31,496,11.981282,4.72274,16.704022000000002
27,378,8.869169999999999,3.231769,12.100938999999999
23,276,5.962244999999999,1.7835329999999998,7.745778
21,231,4.875201,1.380916,6.256117
20,210,6.137633,1.221686,7.359319
19,190,4.054189,1.120134,5.174323
17,153,3.2246829999999997,0.8247979999999999,4.049481
16,136,2.7098259999999996,0.746102,3.4559279999999997
15,120,2.331088,0.624063,2.955151
14,105,2.132413,0.5398160000000001,2.672229
13,91,1.798742,0.48487600000000003,2.283618
12,78,1.437233,0.410059,1.847292
11,66,1.2586570000000001,0.341262,1.599919
9,45,0.865315,0.222328,1.087643
8,36,0.650733,0.21249800000000002,0.8632310000000001
7,28,0.515651,0.154973,0.670624
6,21,0.40065100000000003,0.12757,0.528221
5,15,0.292719,0.121945,0.41466400000000003
4,10,0.199865,0.087484,0.28734899999999997
3,6,0.113508,0.067358,0.180866
2,3,0.06663799999999999,0.036525,0.10316299999999999
1,1,0.03321,0.019110000000000002,0.052320000000000005
